{
   "page":1,
   "results":[
      {
         "backdrop_path":"/9hp4JNejY6Ctg9i9ItkM9rd6GE7.jpg",
         "first_air_date":"1997-09-13",
         "genre_ids":[
            10764
         ],
         "id":12610,
         "name":"Robinson",
         "origin_country":[
            "SE"
         ],
         "original_language":"sv",
         "original_name":"Robinson",
         "overview":"",
         "popularity":1214.076,
         "poster_path":"/lxTcahVPvbnleobYo7KdRKaQG1W.jpg",
         "vote_average":6,
         "vote_count":4
      },
      {
         "backdrop_path":"/xyIffB9KmYbRr9LgLJ7zOLLt3vu.jpg",
         "first_air_date":"2020-07-02",
         "genre_ids":[
            18,
            10751
         ],
         "id":69584,
         "name":"7 Hari Mencintaiku",
         "origin_country":[
            "MY"
         ],
         "original_language":"ms",
         "original_name":"7 Hari Mencintaiku",
         "overview":"",
         "popularity":1189.194,
         "poster_path":"/uK0SsAWWdZ6XsvGKmzskf6VMS0l.jpg",
         "vote_average":4,
         "vote_count":2
      },
      {
         "backdrop_path":"/xowK1IeVAwavNTf6GfXhtsRc4MH.jpg",
         "first_air_date":"2022-03-28",
         "genre_ids":[
            18,
            10766
         ],
         "id":158415,
         "name":"Pantanal",
         "origin_country":[
            "BR"
         ],
         "original_language":"pt",
         "original_name":"Pantanal",
         "overview":"Tras la misteriosa desaparición de su padre, Joventino, el peón José Leôncio se convierte en un rico granjero del Pantanal. Han pasado más de veinte años y, amargado por la desaparición de su padre y la huida de su esposa a Rio de Janeiro con su hijo bebé, José Leôncio tiene la oportunidad de reconciliarse con el niño, ahora un joven que fue criado en la gran ciudad con valores y hábitos muy diferentes a los suyos.",
         "popularity":1152.421,
         "poster_path":"/oX9szxhuz1Jx35RqvMN54M6xy2K.jpg",
         "vote_average":5.4,
         "vote_count":12
      },
      {
         "backdrop_path":"/rv5gu2gYbOEYoArzH7bqJuMxvBB.jpg",
         "first_air_date":"2021-01-25",
         "genre_ids":[
            18,
            10751
         ],
         "id":115646,
         "name":"Lisa",
         "origin_country":[
            "BE"
         ],
         "original_language":"nl",
         "original_name":"Lisa",
         "overview":"",
         "popularity":1090.954,
         "poster_path":"/w2nOl7KhwcUj11YxEi9Nknj9cqu.jpg",
         "vote_average":7.2,
         "vote_count":8
      },
      {
         "backdrop_path":"/hgNMe3k47AlFc4GjJ8Kbh6pkljE.jpg",
         "first_air_date":"2018-10-21",
         "genre_ids":[
            10764
         ],
         "id":83215,
         "name":"Casados à Primeira Vista",
         "origin_country":[
            "PT"
         ],
         "original_language":"pt",
         "original_name":"Casados à Primeira Vista",
         "overview":"",
         "popularity":1058.056,
         "poster_path":"/yY5IuewCsdILGVPSWaktygH2Qdk.jpg",
         "vote_average":0,
         "vote_count":0
      },
      {
         "backdrop_path":"/yfXSvNfF43S0cxpxCEKaU17yZ64.jpg",
         "first_air_date":"1983-09-19",
         "genre_ids":[
            10751
         ],
         "id":2778,
         "name":"Wheel of Fortune",
         "origin_country":[
            "US"
         ],
         "original_language":"en",
         "original_name":"Wheel of Fortune",
         "overview":"",
         "popularity":1018.963,
         "poster_path":"/2fvAIyVfFHQdhJ7OsJWuMlF7836.jpg",
         "vote_average":6.7,
         "vote_count":50
      },
      {
         "backdrop_path":null,
         "first_air_date":"2022-03-07",
         "genre_ids":[
            
         ],
         "id":157936,
         "name":"Por Ti",
         "origin_country":[
            "PT"
         ],
         "original_language":"pt",
         "original_name":"Por Ti",
         "overview":"",
         "popularity":943.823,
         "poster_path":"/7GmlOYoR2GNiBRFs47azHIcqncR.jpg",
         "vote_average":4.7,
         "vote_count":3
      },
      {
         "backdrop_path":"/waY83gLPJzCspw6CrevE4MEVEPm.jpg",
         "first_air_date":"1972-09-04",
         "genre_ids":[
            
         ],
         "id":2051,
         "name":"The Price Is Right",
         "origin_country":[
            "US"
         ],
         "original_language":"en",
         "original_name":"The Price Is Right",
         "overview":"",
         "popularity":875.9,
         "poster_path":"/6m4uYFAJwkanZXd0n0HUQ0lYHLl.jpg",
         "vote_average":6.3,
         "vote_count":54
      },
      {
         "backdrop_path":"/r8CGqB8IJNbA1IruHWquS7YttNB.jpg",
         "first_air_date":"1995-10-23",
         "genre_ids":[
            10766
         ],
         "id":966,
         "name":"Hollyoaks",
         "origin_country":[
            "GB"
         ],
         "original_language":"en",
         "original_name":"Hollyoaks",
         "overview":"",
         "popularity":821.356,
         "poster_path":"/bpmLMZP3M1vLujPqHnOTnKVjRJY.jpg",
         "vote_average":5.4,
         "vote_count":42
      },
      {
         "backdrop_path":"/bytULo2QRTgkn7Qu9pgJSSjS1NJ.jpg",
         "first_air_date":"2022-02-07",
         "genre_ids":[
            18,
            10766
         ],
         "id":154911,
         "name":"Além da Ilusão",
         "origin_country":[
            "BR"
         ],
         "original_language":"pt",
         "original_name":"Além da Ilusão",
         "overview":"",
         "popularity":812.317,
         "poster_path":"/8BzuwDAMamf5TX4TepbDDEq7ima.jpg",
         "vote_average":6.6,
         "vote_count":8
      },
      {
         "backdrop_path":"/7MNeeaAZhfBG6cmqsMnDsXYqlp.jpg",
         "first_air_date":"2022-04-04",
         "genre_ids":[
            35
         ],
         "id":157171,
         "name":"How to Move On in 30 Days",
         "origin_country":[
            "PH"
         ],
         "original_language":"tl",
         "original_name":"How to Move On in 30 Days",
         "overview":"",
         "popularity":796.03,
         "poster_path":"/2cLWJiDOZvhoIaX2r2Zb78K66JQ.jpg",
         "vote_average":2,
         "vote_count":1
      },
      {
         "backdrop_path":null,
         "first_air_date":"2021-11-15",
         "genre_ids":[
            18
         ],
         "id":122551,
         "name":"Viral Scandal",
         "origin_country":[
            "PH"
         ],
         "original_language":"tl",
         "original_name":"Viral Scandal",
         "overview":"",
         "popularity":743.14,
         "poster_path":"/zPsJG3DRDeZZCoja9nnU6p4d67V.jpg",
         "vote_average":5.5,
         "vote_count":2
      },
      {
         "backdrop_path":"/wC21ODo7CREmb9dEgCX7Qy2UhA8.jpg",
         "first_air_date":"1995-12-23",
         "genre_ids":[
            
         ],
         "id":14506,
         "name":"Thuis",
         "origin_country":[
            "BE"
         ],
         "original_language":"nl",
         "original_name":"Thuis",
         "overview":"",
         "popularity":724.748,
         "poster_path":"/nrTGCUytgvWjKlZtFXKuDNI30aw.jpg",
         "vote_average":6.4,
         "vote_count":5
      },
      {
         "backdrop_path":"/26be9JndZG6uYBfNPAy51dUKj0y.jpg",
         "first_air_date":"2022-01-03",
         "genre_ids":[
            10766
         ],
         "id":154571,
         "name":"Quero é Viver",
         "origin_country":[
            "PT"
         ],
         "original_language":"pt",
         "original_name":"Quero é Viver",
         "overview":"",
         "popularity":526.401,
         "poster_path":"/bAp4W1ppwVlp7EpJb91RwTTLhm3.jpg",
         "vote_average":2,
         "vote_count":1
      },
      {
         "backdrop_path":null,
         "first_air_date":"2021-03-29",
         "genre_ids":[
            10763
         ],
         "id":119903,
         "name":"Noovo Le Fil 17",
         "origin_country":[
            "CA"
         ],
         "original_language":"fr",
         "original_name":"Noovo Le Fil 17",
         "overview":"",
         "popularity":517.583,
         "poster_path":"/ppPQS4XAUTguEVKWl4HRye4H7BU.jpg",
         "vote_average":2.2,
         "vote_count":5
      },
      {
         "backdrop_path":"/uOPVhgfljgOM1SNz7eXuPHti9oK.jpg",
         "first_air_date":"1988-09-05",
         "genre_ids":[
            10767
         ],
         "id":1900,
         "name":"LIVE with Kelly and Ryan",
         "origin_country":[
            "US"
         ],
         "original_language":"en",
         "original_name":"LIVE with Kelly and Ryan",
         "overview":"",
         "popularity":512.898,
         "poster_path":"/hBkyypWN3EcOzkozatiCm5VeaG.jpg",
         "vote_average":4.9,
         "vote_count":20
      },
      {
         "backdrop_path":null,
         "first_air_date":"2021-03-29",
         "genre_ids":[
            10763
         ],
         "id":122151,
         "name":"Noovo Le Fil 22",
         "origin_country":[
            "CA"
         ],
         "original_language":"fr",
         "original_name":"Noovo Le Fil 22",
         "overview":"",
         "popularity":479.077,
         "poster_path":"/x70JHANtSvS8IiTadaDrXY1PQBB.jpg",
         "vote_average":1.5,
         "vote_count":2
      },
      {
         "backdrop_path":null,
         "first_air_date":"2021-03-29",
         "genre_ids":[
            10763
         ],
         "id":122152,
         "name":"Noovo Le Fil Québec",
         "origin_country":[
            "CA"
         ],
         "original_language":"fr",
         "original_name":"Noovo Le Fil Québec",
         "overview":"",
         "popularity":478.192,
         "poster_path":"/kdpM5Iz37EWi6hRMWZvrQRxTpEF.jpg",
         "vote_average":6,
         "vote_count":2
      },
      {
         "backdrop_path":"/uu52dx6l1yFN7f60GPhgQFPfOvT.jpg",
         "first_air_date":"2018-01-01",
         "genre_ids":[
            10751,
            35
         ],
         "id":81772,
         "name":"Oteckovia",
         "origin_country":[
            "SK"
         ],
         "original_language":"sk",
         "original_name":"Oteckovia",
         "overview":"",
         "popularity":424.248,
         "poster_path":"/r1hDy1wJ52NEilfcSzs0ocHEJZl.jpg",
         "vote_average":7.7,
         "vote_count":6
      },
      {
         "backdrop_path":"/6jGVOu5NvnmSKh28ByWAJrTOEH2.jpg",
         "first_air_date":"2014-02-17",
         "genre_ids":[
            35,
            10767
         ],
         "id":59941,
         "name":"The Tonight Show Starring Jimmy Fallon",
         "origin_country":[
            "US"
         ],
         "original_language":"en",
         "original_name":"The Tonight Show Starring Jimmy Fallon",
         "overview":"Después del segundo retiro de Jay Leno del programa, Jimmy Fallon intervino como su reemplazo permanente. Después de 42 años en Los Ángeles, el programa regresó a Nueva York.",
         "popularity":402.451,
         "poster_path":"/if7ECoH4xaYw5S8gomNIEmtwTxP.jpg",
         "vote_average":6.1,
         "vote_count":173
      }
   ],
   "total_pages":14,
   "total_results":263
}
