
{
   "_id":"619d5f62f90b19002a99e70c",
   "air_date":"2022-01-09",
   "episodes":[
      {
         "air_date":"2022-01-09",
         "episode_number":1,
         "crew":[
            {
               "job":"Director",
               "department":"Directing",
               "credit_id":"5d078a71925141488abbac4a",
               "adult":false,
               "gender":2,
               "id":96172,
               "known_for_department":"Directing",
               "name":"Sam Levinson",
               "original_name":"Sam Levinson",
               "popularity":25.519,
               "profile_path":"/unyjIDs02a9ghtZhnajoAKKGzhW.jpg"
            },
            {
               "job":"Writer",
               "department":"Writing",
               "credit_id":"5f8e3445ac617c00377f29dc",
               "adult":false,
               "gender":2,
               "id":96172,
               "known_for_department":"Directing",
               "name":"Sam Levinson",
               "original_name":"Sam Levinson",
               "popularity":25.519,
               "profile_path":"/unyjIDs02a9ghtZhnajoAKKGzhW.jpg"
            },
            {
               "job":"Director of Photography",
               "department":"Camera",
               "credit_id":"60f7f44cfd140b005d2b849d",
               "adult":false,
               "gender":2,
               "id":1353787,
               "known_for_department":"Camera",
               "name":"Marcell Rév",
               "original_name":"Marcell Rév",
               "popularity":1.4,
               "profile_path":"/ztm9HLplSu208kzMa69gjwth9pA.jpg"
            },
            {
               "job":"Co-Editor",
               "department":"Editing",
               "credit_id":"60f7fa19944a5700303d880d",
               "adult":false,
               "gender":0,
               "id":1823398,
               "known_for_department":"Editing",
               "name":"Nikola Boyanov",
               "original_name":"Nikola Boyanov",
               "popularity":0.98,
               "profile_path":null
            },
            {
               "job":"Production Design",
               "department":"Art",
               "credit_id":"60f7fa349603310081152f4b",
               "adult":false,
               "gender":2,
               "id":66495,
               "known_for_department":"Art",
               "name":"Jason Baldwin Stewart",
               "original_name":"Jason Baldwin Stewart",
               "popularity":1.3,
               "profile_path":null
            },
            {
               "job":"Makeup Department Head",
               "department":"Costume \u0026 Make-Up",
               "credit_id":"61400fa794d8a80043fcbd7b",
               "adult":false,
               "gender":0,
               "id":1480630,
               "known_for_department":"Costume \u0026 Make-Up",
               "name":"Doniella Davy",
               "original_name":"Doniella Davy",
               "popularity":1.96,
               "profile_path":null
            },
            {
               "job":"Art Direction",
               "department":"Art",
               "credit_id":"61a111e63d4d9600919554e1",
               "adult":false,
               "gender":0,
               "id":2011863,
               "known_for_department":"Art",
               "name":"Alyssa Hill",
               "original_name":"Alyssa Hill",
               "popularity":0.6,
               "profile_path":null
            },
            {
               "job":"Art Direction",
               "department":"Art",
               "credit_id":"61a111f00582240042abb9ff",
               "adult":false,
               "gender":0,
               "id":2809354,
               "known_for_department":"Art",
               "name":"Nealy Orillion",
               "original_name":"Nealy Orillion",
               "popularity":0.98,
               "profile_path":null
            },
            {
               "job":"Supervising Art Director",
               "department":"Art",
               "credit_id":"61a111f73d4d96002e5f23ab",
               "adult":false,
               "gender":0,
               "id":960808,
               "known_for_department":"Art",
               "name":"Nick Ralbovsky",
               "original_name":"Nick Ralbovsky",
               "popularity":4.279,
               "profile_path":null
            }
         ],
         "guest_stars":[
            {
               "character":"Math Teacher",
               "credit_id":"61b717790443c9004106e232",
               "order":24,
               "adult":false,
               "gender":1,
               "id":1324161,
               "known_for_department":"Acting",
               "name":"Cinda Adams",
               "original_name":"Cinda Adams",
               "popularity":5.463,
               "profile_path":"/7CZXKhAEyjslPo7OH6TrYWCWEZz.jpg"
            },
            {
               "character":"Mitch",
               "credit_id":"61b7179603726400636209aa",
               "order":25,
               "adult":false,
               "gender":2,
               "id":21317,
               "known_for_department":"Acting",
               "name":"Daeg Faerch",
               "original_name":"Daeg Faerch",
               "popularity":9.811,
               "profile_path":"/hXO449dEfMEJi8HOciQIKIqAmQr.jpg"
            },
            {
               "character":"6-Year-Old Ashtray",
               "credit_id":"61de43bf5c071b0043fa9f77",
               "order":27,
               "adult":false,
               "gender":0,
               "id":3379187,
               "known_for_department":"Acting",
               "name":"Daelo Jin Walton",
               "original_name":"Daelo Jin Walton",
               "popularity":1.4,
               "profile_path":null
            },
            {
               "character":"Young Fezco",
               "credit_id":"61de43cb07291c0067fb7ef8",
               "order":28,
               "adult":false,
               "gender":2,
               "id":1506297,
               "known_for_department":"Acting",
               "name":"Mason Shea Joyce",
               "original_name":"Mason Shea Joyce",
               "popularity":11.962,
               "profile_path":"/93uP19JB418DQdTxbF0K3KECJLp.jpg"
            },
            {
               "character":"Grandma",
               "credit_id":"61de44046743fa008f9b8643",
               "order":29,
               "adult":false,
               "gender":1,
               "id":17920,
               "known_for_department":"Acting",
               "name":"Kathrine Narducci",
               "original_name":"Kathrine Narducci",
               "popularity":9.575,
               "profile_path":"/bOxhHtEtmhdfVmnL0KyG4SPDlwJ.jpg"
            },
            {
               "character":"Bowl-Cut",
               "credit_id":"61de4429441b03001c935b14",
               "order":31,
               "adult":false,
               "gender":2,
               "id":41341,
               "known_for_department":"Acting",
               "name":"Andy Mackenzie",
               "original_name":"Andy Mackenzie",
               "popularity":1.816,
               "profile_path":"/q8qdAq4xuBlcW4P5FinpRHexk9T.jpg"
            },
            {
               "character":"Travis",
               "credit_id":"61fc21b964de3500b75e59cd",
               "order":170,
               "adult":false,
               "gender":2,
               "id":3204986,
               "known_for_department":"Acting",
               "name":"Demetrius 'Lil Meech' Flenory",
               "original_name":"Demetrius 'Lil Meech' Flenory",
               "popularity":1.4,
               "profile_path":"/zbbaLXEs1wnMQjrgrerurDHcY6R.jpg"
            },
            {
               "character":"Mouse",
               "credit_id":"61fc078764de350068e16f8f",
               "order":171,
               "adult":false,
               "gender":0,
               "id":2239940,
               "known_for_department":"Acting",
               "name":"Meeko",
               "original_name":"Meeko",
               "popularity":1.38,
               "profile_path":null
            },
            {
               "character":"Paulie",
               "credit_id":"61fc21dd59e8a9001b160d01",
               "order":172,
               "adult":false,
               "gender":0,
               "id":2116763,
               "known_for_department":"Acting",
               "name":"Philip Ursino",
               "original_name":"Philip Ursino",
               "popularity":0.98,
               "profile_path":null
            },
            {
               "character":"Dr. Salah",
               "credit_id":"61fc21f8ae6f0900a2e4c1ef",
               "order":173,
               "adult":false,
               "gender":0,
               "id":2367261,
               "known_for_department":"Acting",
               "name":"Ash Khan",
               "original_name":"Ash Khan",
               "popularity":0.6,
               "profile_path":null
            },
            {
               "character":"Girl in Backroom",
               "credit_id":"61fc220aeee1860044e439f5",
               "order":175,
               "adult":false,
               "gender":0,
               "id":2021029,
               "known_for_department":"Acting",
               "name":"Isabella Brenza",
               "original_name":"Isabella Brenza",
               "popularity":3.199,
               "profile_path":"/lBs5Mxlh798UtoQQrdvoL69kpTj.jpg"
            },
            {
               "character":"Caleb",
               "credit_id":"61fc221459e8a9001b160d64",
               "order":176,
               "adult":false,
               "gender":0,
               "id":3411136,
               "known_for_department":"Acting",
               "name":"Ansel Wolf Pierce",
               "original_name":"Ansel Wolf Pierce",
               "popularity":1.38,
               "profile_path":null
            },
            {
               "character":"Cashier",
               "credit_id":"61fc221e559d2200c7d1890d",
               "order":177,
               "adult":false,
               "gender":0,
               "id":2722700,
               "known_for_department":"Production",
               "name":"Oscar Pereida",
               "original_name":"Oscar Pereida",
               "popularity":0.6,
               "profile_path":null
            },
            {
               "character":"Strip Club Bouncer",
               "credit_id":"61fc222a1e259a009df579a6",
               "order":178,
               "adult":false,
               "gender":2,
               "id":1129158,
               "known_for_department":"Acting",
               "name":"Mike G.",
               "original_name":"Mike G.",
               "popularity":1.473,
               "profile_path":"/g4Vp1kQq6E05Czb1JNyIFbfVWO0.jpg"
            },
            {
               "character":"Strip Club Bartender",
               "credit_id":"61fc2233072166006da89160",
               "order":179,
               "adult":false,
               "gender":0,
               "id":1759243,
               "known_for_department":"Acting",
               "name":"Rogelio Camarillo",
               "original_name":"Rogelio Camarillo",
               "popularity":2.884,
               "profile_path":"/cQ3BRNdRnuB5DDXn82sxZbqAQz3.jpg"
            },
            {
               "character":"Bikini Girl",
               "credit_id":"61fc223c41429100d4fddc17",
               "order":180,
               "adult":false,
               "gender":0,
               "id":2625529,
               "known_for_department":"Acting",
               "name":"Sydney Martin",
               "original_name":"Sydney Martin",
               "popularity":0.6,
               "profile_path":null
            },
            {
               "character":"Stripper",
               "credit_id":"61fc22456f31af008f856f73",
               "order":181,
               "adult":true,
               "gender":1,
               "id":591844,
               "known_for_department":"Acting",
               "name":"Aiden Ashley",
               "original_name":"Aiden Ashley",
               "popularity":11.987,
               "profile_path":"/9BPDh8wlgJg2tgCS5AhfeuvXsDs.jpg"
            },
            {
               "character":"Stripper",
               "credit_id":"61fc224d7a97ab00a968e6df",
               "order":182,
               "adult":true,
               "gender":1,
               "id":2335449,
               "known_for_department":"Acting",
               "name":"Diana Grace",
               "original_name":"Diana Grace",
               "popularity":1.96,
               "profile_path":"/jrl1oOz73507qIQw1bhNEnZ7ZKG.jpg"
            },
            {
               "character":"Stripper",
               "credit_id":"61fc2256559d22006a0a3817",
               "order":183,
               "adult":true,
               "gender":1,
               "id":3235895,
               "known_for_department":"Acting",
               "name":"Kenzie Anne",
               "original_name":"Kenzie Anne",
               "popularity":1.22,
               "profile_path":"/mOX7lGB1uSic1UQBSlnLCnENqDW.jpg"
            },
            {
               "character":"Stripper",
               "credit_id":"61fc225e68929c00a4858c4a",
               "order":184,
               "adult":false,
               "gender":0,
               "id":3411139,
               "known_for_department":"Acting",
               "name":"Trenee Bowman",
               "original_name":"Trenee Bowman",
               "popularity":0.98,
               "profile_path":null
            },
            {
               "character":"Stripper",
               "credit_id":"61fc226768929c0122a48694",
               "order":185,
               "adult":false,
               "gender":0,
               "id":3411140,
               "known_for_department":"Acting",
               "name":"Shannon Caetano",
               "original_name":"Shannon Caetano",
               "popularity":1.4,
               "profile_path":null
            },
            {
               "character":"Stripper",
               "credit_id":"61fc227068929c0122a486ba",
               "order":186,
               "adult":false,
               "gender":0,
               "id":3411141,
               "known_for_department":"Acting",
               "name":"Kiajah Powell",
               "original_name":"Kiajah Powell",
               "popularity":0.6,
               "profile_path":null
            },
            {
               "character":"Stripper",
               "credit_id":"61fc227868929c00422c0ebd",
               "order":187,
               "adult":false,
               "gender":0,
               "id":3411142,
               "known_for_department":"Acting",
               "name":"Consuella Torres",
               "original_name":"Consuella Torres",
               "popularity":0.6,
               "profile_path":null
            },
            {
               "character":"Virgil",
               "credit_id":"61fc2201dfaae900c6baff73",
               "order":191,
               "adult":false,
               "gender":0,
               "id":3411135,
               "known_for_department":"Acting",
               "name":"Siyon Foster",
               "original_name":"Siyon Foster",
               "popularity":0.98,
               "profile_path":null
            },
            {
               "character":"Custer",
               "credit_id":"61e6354e2634620096865295",
               "order":225,
               "adult":false,
               "gender":2,
               "id":1223876,
               "known_for_department":"Acting",
               "name":"Tyler Chase",
               "original_name":"Tyler Chase",
               "popularity":2.575,
               "profile_path":"/wcsh5Eu83vrEXOny35LMscwL2B9.jpg"
            },
            {
               "character":"Laurie",
               "credit_id":"61fc2195ae6f0900d568d06c",
               "order":235,
               "adult":false,
               "gender":1,
               "id":1572541,
               "known_for_department":"Acting",
               "name":"Martha Kelly",
               "original_name":"Martha Kelly",
               "popularity":5.144,
               "profile_path":"/ac7HoARDIHdYNqpzgJBzpmKHXHR.jpg"
            },
            {
               "character":"Bruce Jr.",
               "credit_id":"61fc21ad41429100a217f3b4",
               "order":235,
               "adult":false,
               "gender":2,
               "id":1783255,
               "known_for_department":"Acting",
               "name":"Richie Merritt",
               "original_name":"Richie Merritt",
               "popularity":5.995,
               "profile_path":"/9guamI0YrLggrGjVSth9OnUrhRQ.jpg"
            },
            {
               "character":"Bruce",
               "credit_id":"61fc21d4bf0f6300ddff2f81",
               "order":236,
               "adult":false,
               "gender":0,
               "id":3411133,
               "known_for_department":"Acting",
               "name":"Melvin Estes",
               "original_name":"Melvin Estes",
               "popularity":1.4,
               "profile_path":null
            },
            {
               "character":"Christopher McKay",
               "credit_id":"5c3338ffc3a368107ea0337b",
               "order":239,
               "adult":false,
               "gender":2,
               "id":1377458,
               "known_for_department":"Acting",
               "name":"Algee Smith",
               "original_name":"Algee Smith",
               "popularity":20.096,
               "profile_path":"/8lSjFECJflwHJJGt5e7CqyItXW2.jpg"
            }
         ],
         "id":3351646,
         "name":"Trying to Get to Heaven Before They Close the Door",
         "overview":"Rue and Jules cross paths for the first time since Christmas as East Highland rings in the new year.",
         "production_code":"",
         "season_number":2,
         "still_path":"/p3oOluSyg2WkUxgShqc0Ji68YiN.jpg",
         "vote_average":8.417,
         "vote_count":12
      },
      {
         "air_date":"2022-01-16",
         "episode_number":2,
         "crew":[
            {
               "job":"Director",
               "department":"Directing",
               "credit_id":"5d078a71925141488abbac4a",
               "adult":false,
               "gender":2,
               "id":96172,
               "known_for_department":"Directing",
               "name":"Sam Levinson",
               "original_name":"Sam Levinson",
               "popularity":25.519,
               "profile_path":"/unyjIDs02a9ghtZhnajoAKKGzhW.jpg"
            },
            {
               "job":"Writer",
               "department":"Writing",
               "credit_id":"5f8e3445ac617c00377f29dc",
               "adult":false,
               "gender":2,
               "id":96172,
               "known_for_department":"Directing",
               "name":"Sam Levinson",
               "original_name":"Sam Levinson",
               "popularity":25.519,
               "profile_path":"/unyjIDs02a9ghtZhnajoAKKGzhW.jpg"
            },
            {
               "job":"Director of Photography",
               "department":"Camera",
               "credit_id":"60f7f44cfd140b005d2b849d",
               "adult":false,
               "gender":2,
               "id":1353787,
               "known_for_department":"Camera",
               "name":"Marcell Rév",
               "original_name":"Marcell Rév",
               "popularity":1.4,
               "profile_path":"/ztm9HLplSu208kzMa69gjwth9pA.jpg"
            },
            {
               "job":"Production Design",
               "department":"Art",
               "credit_id":"60f7fa349603310081152f4b",
               "adult":false,
               "gender":2,
               "id":66495,
               "known_for_department":"Art",
               "name":"Jason Baldwin Stewart",
               "original_name":"Jason Baldwin Stewart",
               "popularity":1.3,
               "profile_path":null
            },
            {
               "job":"Makeup Department Head",
               "department":"Costume \u0026 Make-Up",
               "credit_id":"61400fa794d8a80043fcbd7b",
               "adult":false,
               "gender":0,
               "id":1480630,
               "known_for_department":"Costume \u0026 Make-Up",
               "name":"Doniella Davy",
               "original_name":"Doniella Davy",
               "popularity":1.96,
               "profile_path":null
            },
            {
               "job":"Art Direction",
               "department":"Art",
               "credit_id":"61a111e63d4d9600919554e1",
               "adult":false,
               "gender":0,
               "id":2011863,
               "known_for_department":"Art",
               "name":"Alyssa Hill",
               "original_name":"Alyssa Hill",
               "popularity":0.6,
               "profile_path":null
            },
            {
               "job":"Art Direction",
               "department":"Art",
               "credit_id":"61a111f00582240042abb9ff",
               "adult":false,
               "gender":0,
               "id":2809354,
               "known_for_department":"Art",
               "name":"Nealy Orillion",
               "original_name":"Nealy Orillion",
               "popularity":0.98,
               "profile_path":null
            },
            {
               "job":"Supervising Art Director",
               "department":"Art",
               "credit_id":"61a111f73d4d96002e5f23ab",
               "adult":false,
               "gender":0,
               "id":960808,
               "known_for_department":"Art",
               "name":"Nick Ralbovsky",
               "original_name":"Nick Ralbovsky",
               "popularity":4.279,
               "profile_path":null
            },
            {
               "job":"Editor",
               "department":"Editing",
               "credit_id":"61e58a3ef5c824004293dfec",
               "adult":false,
               "gender":0,
               "id":1324187,
               "known_for_department":"Editing",
               "name":"Aaron I. Butler",
               "original_name":"Aaron I. Butler",
               "popularity":0.98,
               "profile_path":null
            }
         ],
         "guest_stars":[
            {
               "character":"David Vaughn",
               "credit_id":"600b900fc86b3a003fbd9eb9",
               "order":151,
               "adult":false,
               "gender":2,
               "id":64343,
               "known_for_department":"Acting",
               "name":"John Ales",
               "original_name":"John Ales",
               "popularity":14.516,
               "profile_path":"/d8jC0dF0iuzx2XnNxneFgK5eJeK.jpg"
            },
            {
               "character":"Young Maddy",
               "credit_id":"61fc24596f31af008f85739c",
               "order":190,
               "adult":false,
               "gender":0,
               "id":3411027,
               "known_for_department":"Acting",
               "name":"Keilani Arellanes",
               "original_name":"Keilani Arellanes",
               "popularity":1.22,
               "profile_path":null
            },
            {
               "character":"Super Hot Warrior Man",
               "credit_id":"61fc091ffe6c182eb87bca8e",
               "order":191,
               "adult":false,
               "gender":2,
               "id":1569982,
               "known_for_department":"Acting",
               "name":"Brock O'Hurn",
               "original_name":"Brock O'Hurn",
               "popularity":4.822,
               "profile_path":"/3HMTNv2YDcWsAnJvwJyHDMpBTPR.jpg"
            },
            {
               "character":"Virgil",
               "credit_id":"61fc2201dfaae900c6baff73",
               "order":191,
               "adult":false,
               "gender":0,
               "id":3411135,
               "known_for_department":"Acting",
               "name":"Siyon Foster",
               "original_name":"Siyon Foster",
               "popularity":0.98,
               "profile_path":null
            },
            {
               "character":"Receptionist",
               "credit_id":"61fc24918c0a4800970bf1b0",
               "order":192,
               "adult":false,
               "gender":0,
               "id":2415031,
               "known_for_department":"Acting",
               "name":"Robyn Okrant",
               "original_name":"Robyn Okrant",
               "popularity":1.38,
               "profile_path":null
            },
            {
               "character":"Elliot's Cousin",
               "credit_id":"61fc249dfe6c1800f43ad4cf",
               "order":193,
               "adult":false,
               "gender":0,
               "id":3411151,
               "known_for_department":"Acting",
               "name":"Ziayla Pizarro",
               "original_name":"Ziayla Pizarro",
               "popularity":1.38,
               "profile_path":null
            },
            {
               "character":"Guy in Motel Room",
               "credit_id":"61fc24aadfaae9009c573d21",
               "order":194,
               "adult":false,
               "gender":0,
               "id":3411152,
               "known_for_department":"Acting",
               "name":"Christin Byrdsong",
               "original_name":"Christin Byrdsong",
               "popularity":0.6,
               "profile_path":null
            },
            {
               "character":"Influencer",
               "credit_id":"61fc24f5ae6f090043f2fa49",
               "order":195,
               "adult":false,
               "gender":0,
               "id":3411153,
               "known_for_department":"Acting",
               "name":"Anna Smith",
               "original_name":"Anna Smith",
               "popularity":0.6,
               "profile_path":null
            },
            {
               "character":"Influencer",
               "credit_id":"61fc2504b6abc400c1e97493",
               "order":196,
               "adult":false,
               "gender":0,
               "id":3411154,
               "known_for_department":"Acting",
               "name":"Andrea Somer",
               "original_name":"Andrea Somer",
               "popularity":0.6,
               "profile_path":null
            },
            {
               "character":"Influencer",
               "credit_id":"61fc250dfe6c182eb87bf464",
               "order":197,
               "adult":false,
               "gender":0,
               "id":3038958,
               "known_for_department":"Acting",
               "name":"Eden Rose Ginsberg",
               "original_name":"Eden Rose Ginsberg",
               "popularity":6.028,
               "profile_path":"/pugmYUWUslUqLrOWR7hyDprKqcd.jpg"
            },
            {
               "character":"Influencer",
               "credit_id":"61fc2516eee186490a1ad162",
               "order":198,
               "adult":false,
               "gender":0,
               "id":1543404,
               "known_for_department":"Acting",
               "name":"Amanda LaCount",
               "original_name":"Amanda LaCount",
               "popularity":0.98,
               "profile_path":null
            },
            {
               "character":"Influencer",
               "credit_id":"61fc2522eee186490a1ad190",
               "order":199,
               "adult":false,
               "gender":0,
               "id":3411155,
               "known_for_department":"Acting",
               "name":"Jackie Winn",
               "original_name":"Jackie Winn",
               "popularity":0.6,
               "profile_path":null
            },
            {
               "character":"Influencer",
               "credit_id":"61fc252b68929c00a48591d4",
               "order":200,
               "adult":false,
               "gender":0,
               "id":3411156,
               "known_for_department":"Acting",
               "name":"Bree Kish",
               "original_name":"Bree Kish",
               "popularity":0.652,
               "profile_path":null
            },
            {
               "character":"Influencer",
               "credit_id":"61fc25337390c0006dc53cdb",
               "order":201,
               "adult":false,
               "gender":0,
               "id":3281116,
               "known_for_department":"Acting",
               "name":"Emily Roslyn Villarreal",
               "original_name":"Emily Roslyn Villarreal",
               "popularity":0.98,
               "profile_path":null
            },
            {
               "character":"Influencer",
               "credit_id":"61fc253ceee1860044e43f3e",
               "order":202,
               "adult":false,
               "gender":0,
               "id":3411157,
               "known_for_department":"Acting",
               "name":"Jewell Farshad",
               "original_name":"Jewell Farshad",
               "popularity":1.4,
               "profile_path":null
            },
            {
               "character":"Influencer",
               "credit_id":"61fc2545d100b60115534dbe",
               "order":203,
               "adult":false,
               "gender":1,
               "id":1820335,
               "known_for_department":"Acting",
               "name":"Annie Hsu",
               "original_name":"Annie Hsu",
               "popularity":4.454,
               "profile_path":null
            },
            {
               "character":"Influencer",
               "credit_id":"61fc254d68929c0068b1557d",
               "order":204,
               "adult":false,
               "gender":0,
               "id":3411158,
               "known_for_department":"Acting",
               "name":"Chloe Bunce",
               "original_name":"Chloe Bunce",
               "popularity":0.6,
               "profile_path":null
            },
            {
               "character":"Gus",
               "credit_id":"61fc17671e259a00450c745d",
               "order":206,
               "adult":false,
               "gender":2,
               "id":222052,
               "known_for_department":"Acting",
               "name":"Nick Blood",
               "original_name":"Nick Blood",
               "popularity":5.845,
               "profile_path":"/npK7W0568Gtqe2kn3LTA7dxdXua.jpg"
            },
            {
               "character":"Custer",
               "credit_id":"61e6354e2634620096865295",
               "order":225,
               "adult":false,
               "gender":2,
               "id":1223876,
               "known_for_department":"Acting",
               "name":"Tyler Chase",
               "original_name":"Tyler Chase",
               "popularity":2.575,
               "profile_path":"/wcsh5Eu83vrEXOny35LMscwL2B9.jpg"
            },
            {
               "character":"Theo",
               "credit_id":"61fc244beee18600911c6990",
               "order":227,
               "adult":false,
               "gender":0,
               "id":3411149,
               "known_for_department":"Acting",
               "name":"Yukon Clement",
               "original_name":"Yukon Clement",
               "popularity":1.614,
               "profile_path":null
            },
            {
               "character":"Theo's Dad",
               "credit_id":"61fc2485b7abb500665ce69e",
               "order":227,
               "adult":false,
               "gender":0,
               "id":1837012,
               "known_for_department":"Acting",
               "name":"Fernando Belo",
               "original_name":"Fernando Belo",
               "popularity":0.996,
               "profile_path":"/2LgWdZieV7B4gagKPgLlp6TOubh.jpg"
            },
            {
               "character":"Influencer (archive footage)",
               "credit_id":"61fdc51c025764010bee9d76",
               "order":234,
               "adult":false,
               "gender":1,
               "id":2101073,
               "known_for_department":"Acting",
               "name":"Nikkie de Jager",
               "original_name":"Nikkie de Jager",
               "popularity":3.412,
               "profile_path":null
            },
            {
               "character":"Ali",
               "credit_id":"5d3fb87b34e1521fb8e7c87a",
               "order":237,
               "adult":false,
               "gender":2,
               "id":91671,
               "known_for_department":"Acting",
               "name":"Colman Domingo",
               "original_name":"Colman Domingo",
               "popularity":6.872,
               "profile_path":"/2tu6T9ugnf82qIMGVKWSb0dvvq5.jpg"
            },
            {
               "character":"BB",
               "credit_id":"61e4faad4e4dff0067db69fc",
               "order":239,
               "adult":false,
               "gender":1,
               "id":3386005,
               "known_for_department":"Acting",
               "name":"Sophia Rose Wilson",
               "original_name":"Sophia Rose Wilson",
               "popularity":1.96,
               "profile_path":null
            },
            {
               "character":"Marsha Jacobs",
               "credit_id":"61fbb41dd100b6009b0d5c6c",
               "order":239,
               "adult":false,
               "gender":1,
               "id":59449,
               "known_for_department":"Acting",
               "name":"Paula Marshall",
               "original_name":"Paula Marshall",
               "popularity":20.09,
               "profile_path":"/rBmk7DDOYHempHWrPnijRvPDFaW.jpg"
            },
            {
               "character":"Samantha",
               "credit_id":"61fc23e8bf0f63011a66ac8d",
               "order":239,
               "adult":false,
               "gender":1,
               "id":96625,
               "known_for_department":"Acting",
               "name":"Minka Kelly",
               "original_name":"Minka Kelly",
               "popularity":29.406,
               "profile_path":"/40rLdQZlAPzDmizuDdb2uaSlFvC.jpg"
            }
         ],
         "id":3429678,
         "name":"Out of Touch",
         "overview":"As the semester kicks off, Jules questions Rue and Elliot's new friendship. While Cal hunts for answers, Nate makes a tough decision. The lines between fantasy and reality begin to blur as Kat ponders her relationship, and Maddy contemplates the decision to end hers.",
         "production_code":"",
         "season_number":2,
         "still_path":"/rCYPediP7oA0ybibYCDeRmCBKJo.jpg",
         "vote_average":9.3,
         "vote_count":6
      },
      {
         "air_date":"2022-01-23",
         "episode_number":3,
         "crew":[
            {
               "job":"Director",
               "department":"Directing",
               "credit_id":"5d078a71925141488abbac4a",
               "adult":false,
               "gender":2,
               "id":96172,
               "known_for_department":"Directing",
               "name":"Sam Levinson",
               "original_name":"Sam Levinson",
               "popularity":25.519,
               "profile_path":"/unyjIDs02a9ghtZhnajoAKKGzhW.jpg"
            },
            {
               "job":"Writer",
               "department":"Writing",
               "credit_id":"5f8e3445ac617c00377f29dc",
               "adult":false,
               "gender":2,
               "id":96172,
               "known_for_department":"Directing",
               "name":"Sam Levinson",
               "original_name":"Sam Levinson",
               "popularity":25.519,
               "profile_path":"/unyjIDs02a9ghtZhnajoAKKGzhW.jpg"
            },
            {
               "job":"Director of Photography",
               "department":"Camera",
               "credit_id":"60f7f44cfd140b005d2b849d",
               "adult":false,
               "gender":2,
               "id":1353787,
               "known_for_department":"Camera",
               "name":"Marcell Rév",
               "original_name":"Marcell Rév",
               "popularity":1.4,
               "profile_path":"/ztm9HLplSu208kzMa69gjwth9pA.jpg"
            },
            {
               "job":"Editor",
               "department":"Editing",
               "credit_id":"60f7f62d3103250046cd2c84",
               "adult":false,
               "gender":0,
               "id":1924906,
               "known_for_department":"Editing",
               "name":"Laura Zempel",
               "original_name":"Laura Zempel",
               "popularity":1.4,
               "profile_path":null
            },
            {
               "job":"Production Design",
               "department":"Art",
               "credit_id":"60f7fa349603310081152f4b",
               "adult":false,
               "gender":2,
               "id":66495,
               "known_for_department":"Art",
               "name":"Jason Baldwin Stewart",
               "original_name":"Jason Baldwin Stewart",
               "popularity":1.3,
               "profile_path":null
            },
            {
               "job":"Set Decoration",
               "department":"Art",
               "credit_id":"60f7fa71fd140b005d2b8a61",
               "adult":false,
               "gender":0,
               "id":2861793,
               "known_for_department":"Art",
               "name":"Julia Altschul",
               "original_name":"Julia Altschul",
               "popularity":0.98,
               "profile_path":null
            },
            {
               "job":"Makeup Department Head",
               "department":"Costume \u0026 Make-Up",
               "credit_id":"61400fa794d8a80043fcbd7b",
               "adult":false,
               "gender":0,
               "id":1480630,
               "known_for_department":"Costume \u0026 Make-Up",
               "name":"Doniella Davy",
               "original_name":"Doniella Davy",
               "popularity":1.96,
               "profile_path":null
            },
            {
               "job":"Art Direction",
               "department":"Art",
               "credit_id":"61a111e63d4d9600919554e1",
               "adult":false,
               "gender":0,
               "id":2011863,
               "known_for_department":"Art",
               "name":"Alyssa Hill",
               "original_name":"Alyssa Hill",
               "popularity":0.6,
               "profile_path":null
            },
            {
               "job":"Art Direction",
               "department":"Art",
               "credit_id":"61a111f00582240042abb9ff",
               "adult":false,
               "gender":0,
               "id":2809354,
               "known_for_department":"Art",
               "name":"Nealy Orillion",
               "original_name":"Nealy Orillion",
               "popularity":0.98,
               "profile_path":null
            },
            {
               "job":"Supervising Art Director",
               "department":"Art",
               "credit_id":"61a111f73d4d96002e5f23ab",
               "adult":false,
               "gender":0,
               "id":960808,
               "known_for_department":"Art",
               "name":"Nick Ralbovsky",
               "original_name":"Nick Ralbovsky",
               "popularity":4.279,
               "profile_path":null
            },
            {
               "job":"Supervising Editor",
               "department":"Editing",
               "credit_id":"61feb0c5197de4008e0709f1",
               "adult":false,
               "gender":2,
               "id":971868,
               "known_for_department":"Editing",
               "name":"Julio Perez IV",
               "original_name":"Julio Perez IV",
               "popularity":0.6,
               "profile_path":null
            },
            {
               "job":"Hair Department Head",
               "department":"Costume \u0026 Make-Up",
               "credit_id":"61feb141dd926a0110238bbb",
               "adult":false,
               "gender":0,
               "id":1551525,
               "known_for_department":"Costume \u0026 Make-Up",
               "name":"Kimberly Kimble",
               "original_name":"Kimberly Kimble",
               "popularity":1.094,
               "profile_path":null
            }
         ],
         "guest_stars":[
            {
               "character":"Aaron Jacobs",
               "credit_id":"61fbb431ae6f0900a2e4484f",
               "order":38,
               "adult":false,
               "gender":2,
               "id":1903427,
               "known_for_department":"Acting",
               "name":"Zak Steiner",
               "original_name":"Zak Steiner",
               "popularity":2.656,
               "profile_path":null
            },
            {
               "character":"Derek",
               "credit_id":"61fbb44fae6f0900a2e4485d",
               "order":38,
               "adult":false,
               "gender":0,
               "id":3410595,
               "name":"Henry Eikenberry",
               "original_name":"Henry Eikenberry",
               "popularity":1.532,
               "profile_path":null
            },
            {
               "character":"18 Year-Old Cal",
               "credit_id":"61fc25961e259a009df580bd",
               "order":205,
               "adult":false,
               "gender":0,
               "id":3411159,
               "known_for_department":"Acting",
               "name":"Elias Kacavas",
               "original_name":"Elias Kacavas",
               "popularity":0.98,
               "profile_path":null
            },
            {
               "character":"Gus",
               "credit_id":"61fc17671e259a00450c745d",
               "order":206,
               "adult":false,
               "gender":2,
               "id":222052,
               "known_for_department":"Acting",
               "name":"Nick Blood",
               "original_name":"Nick Blood",
               "popularity":5.845,
               "profile_path":"/npK7W0568Gtqe2kn3LTA7dxdXua.jpg"
            },
            {
               "character":"17 Year-Old Marsha",
               "credit_id":"61fc25ceb7abb50043339d82",
               "order":206,
               "adult":false,
               "gender":0,
               "id":3411160,
               "known_for_department":"Acting",
               "name":"Rebecca Louise",
               "original_name":"Rebecca Louise",
               "popularity":0.98,
               "profile_path":null
            },
            {
               "character":"Lisa",
               "credit_id":"61fc25d6cb80280092209751",
               "order":207,
               "adult":false,
               "gender":0,
               "id":3186291,
               "known_for_department":"Acting",
               "name":"Anouk Samuel",
               "original_name":"Anouk Samuel",
               "popularity":1.4,
               "profile_path":null
            },
            {
               "character":"Bud",
               "credit_id":"61fc25ddae6f0901157b48fd",
               "order":208,
               "adult":false,
               "gender":2,
               "id":113006,
               "known_for_department":"Acting",
               "name":"James C. Burns",
               "original_name":"James C. Burns",
               "popularity":2.936,
               "profile_path":"/lo4k6Vl7lo5DlU8sSqi3e0GEAXp.jpg"
            },
            {
               "character":"Judy",
               "credit_id":"61fc25e57390c00118859723",
               "order":209,
               "adult":false,
               "gender":1,
               "id":59846,
               "known_for_department":"Acting",
               "name":"Joanne Baron",
               "original_name":"Joanne Baron",
               "popularity":6.174,
               "profile_path":"/cd9dbkbTcDTtFWli2YrkYMgiwGU.jpg"
            },
            {
               "character":"Wrestling Coach",
               "credit_id":"61fc260a1e259a009df58133",
               "order":211,
               "adult":false,
               "gender":2,
               "id":1183744,
               "known_for_department":"Acting",
               "name":"Jason Medwin",
               "original_name":"Jason Medwin",
               "popularity":4.757,
               "profile_path":null
            },
            {
               "character":"Vice Principal",
               "credit_id":"61fc2615ce997a00445f96fd",
               "order":212,
               "adult":false,
               "gender":0,
               "id":2418325,
               "known_for_department":"Acting",
               "name":"Ernie González Jr.",
               "original_name":"Ernie González Jr.",
               "popularity":0.6,
               "profile_path":null
            },
            {
               "character":"Young Cal's Sister",
               "credit_id":"61fc26204142916e34219b62",
               "order":213,
               "adult":false,
               "gender":1,
               "id":2382697,
               "known_for_department":"Acting",
               "name":"Christie Nicole Chaplin",
               "original_name":"Christie Nicole Chaplin",
               "popularity":6.152,
               "profile_path":"/r49c1EDhnECIfaLsNpTAsRnl5Oo.jpg"
            },
            {
               "character":"Young Cal's Mom",
               "credit_id":"61fc2629cb80280069fcfb2c",
               "order":214,
               "adult":false,
               "gender":0,
               "id":1391885,
               "known_for_department":"Acting",
               "name":"Audrey Walters",
               "original_name":"Audrey Walters",
               "popularity":1.4,
               "profile_path":"/rBfLWEyHDMenAMZMolXT1dgYUpc.jpg"
            },
            {
               "character":"Derek's New Girlfriend",
               "credit_id":"61fc2632bf0f63006c6fa5b9",
               "order":215,
               "adult":false,
               "gender":0,
               "id":3411166,
               "known_for_department":"Acting",
               "name":"Suzanne Egertson",
               "original_name":"Suzanne Egertson",
               "popularity":0.98,
               "profile_path":null
            },
            {
               "character":"Ethan's Dad",
               "credit_id":"61fc263b8c0a4800690631d4",
               "order":216,
               "adult":false,
               "gender":0,
               "id":3411168,
               "known_for_department":"Acting",
               "name":"Bryan Charles Feldman",
               "original_name":"Bryan Charles Feldman",
               "popularity":0.6,
               "profile_path":null
            },
            {
               "character":"Meat Head Jock",
               "credit_id":"61fc26444142916e34219bc5",
               "order":217,
               "adult":false,
               "gender":0,
               "id":3411169,
               "known_for_department":"Acting",
               "name":"Joshua Hoyo Jr.",
               "original_name":"Joshua Hoyo Jr.",
               "popularity":0.6,
               "profile_path":null
            },
            {
               "character":"Hot Girl",
               "credit_id":"61fc264ceee18600f7f9055e",
               "order":218,
               "adult":false,
               "gender":0,
               "id":2049533,
               "known_for_department":"Acting",
               "name":"Brooklyn Brailsford",
               "original_name":"Brooklyn Brailsford",
               "popularity":2.391,
               "profile_path":null
            },
            {
               "character":"Miss Marsha",
               "credit_id":"5fcea39a6af8f8003f09cba5",
               "order":219,
               "adult":false,
               "gender":1,
               "id":2881700,
               "known_for_department":"Acting",
               "name":"Marsha Gambles",
               "original_name":"Marsha Gambles",
               "popularity":1.128,
               "profile_path":null
            },
            {
               "character":"Film Crew",
               "credit_id":"61fc265edfaae9006ab1b758",
               "order":219,
               "adult":false,
               "gender":0,
               "id":3411171,
               "known_for_department":"Acting",
               "name":"Marlis Yurcisin",
               "original_name":"Marlis Yurcisin",
               "popularity":0.98,
               "profile_path":null
            },
            {
               "character":"Film Crew",
               "credit_id":"61fc26865c3247009503a4be",
               "order":220,
               "adult":false,
               "gender":0,
               "id":3411174,
               "known_for_department":"Acting",
               "name":"Nicole Thompson",
               "original_name":"Nicole Thompson",
               "popularity":0.6,
               "profile_path":null
            },
            {
               "character":"Film Crew",
               "credit_id":"61fc2690eee1860044e441fe",
               "order":221,
               "adult":false,
               "gender":1,
               "id":1941640,
               "known_for_department":"Acting",
               "name":"Sally Brunski",
               "original_name":"Sally Brunski",
               "popularity":13.462,
               "profile_path":"/txgZOkq91cSqgs3arJBtno7QMKY.jpg"
            },
            {
               "character":"Film Crew",
               "credit_id":"61fc269a559d22001b95d6a5",
               "order":222,
               "adult":false,
               "gender":0,
               "id":1773749,
               "known_for_department":"Lighting",
               "name":"Danny Durr",
               "original_name":"Danny Durr",
               "popularity":0.6,
               "profile_path":null
            },
            {
               "character":"Film Crew",
               "credit_id":"61fc26a56f31af00e649fcfd",
               "order":223,
               "adult":false,
               "gender":2,
               "id":1367508,
               "known_for_department":"Directing",
               "name":"Steve Gehrke",
               "original_name":"Steve Gehrke",
               "popularity":2.465,
               "profile_path":null
            },
            {
               "character":"Film Crew",
               "credit_id":"61fc26ae7390c0001dab22a3",
               "order":224,
               "adult":false,
               "gender":0,
               "id":1612490,
               "known_for_department":"Costume \u0026 Make-Up",
               "name":"Angelina Vitto",
               "original_name":"Angelina Vitto",
               "popularity":0.6,
               "profile_path":null
            },
            {
               "character":"Theo",
               "credit_id":"61fc244beee18600911c6990",
               "order":227,
               "adult":false,
               "gender":0,
               "id":3411149,
               "known_for_department":"Acting",
               "name":"Yukon Clement",
               "original_name":"Yukon Clement",
               "popularity":1.614,
               "profile_path":null
            },
            {
               "character":"Bobbi",
               "credit_id":"61fc25f6eee186006bd35c71",
               "order":228,
               "adult":false,
               "gender":0,
               "id":3411162,
               "known_for_department":"Acting",
               "name":"Veronica S. Taylor",
               "original_name":"Veronica S. Taylor",
               "popularity":2.58,
               "profile_path":null
            },
            {
               "character":"Laurie",
               "credit_id":"61fc2195ae6f0900d568d06c",
               "order":235,
               "adult":false,
               "gender":1,
               "id":1572541,
               "known_for_department":"Acting",
               "name":"Martha Kelly",
               "original_name":"Martha Kelly",
               "popularity":5.144,
               "profile_path":"/ac7HoARDIHdYNqpzgJBzpmKHXHR.jpg"
            },
            {
               "character":"Bruce",
               "credit_id":"61fc21d4bf0f6300ddff2f81",
               "order":236,
               "adult":false,
               "gender":0,
               "id":3411133,
               "known_for_department":"Acting",
               "name":"Melvin Estes",
               "original_name":"Melvin Estes",
               "popularity":1.4,
               "profile_path":null
            },
            {
               "character":"Ali",
               "credit_id":"5d3fb87b34e1521fb8e7c87a",
               "order":237,
               "adult":false,
               "gender":2,
               "id":91671,
               "known_for_department":"Acting",
               "name":"Colman Domingo",
               "original_name":"Colman Domingo",
               "popularity":6.872,
               "profile_path":"/2tu6T9ugnf82qIMGVKWSb0dvvq5.jpg"
            },
            {
               "character":"Marsha Jacobs",
               "credit_id":"61fbb41dd100b6009b0d5c6c",
               "order":239,
               "adult":false,
               "gender":1,
               "id":59449,
               "known_for_department":"Acting",
               "name":"Paula Marshall",
               "original_name":"Paula Marshall",
               "popularity":20.09,
               "profile_path":"/rBmk7DDOYHempHWrPnijRvPDFaW.jpg"
            }
         ],
         "id":3429680,
         "name":"Ruminations: Big and Little Bullys",
         "overview":"Rue pursues a new business venture, Cassie settles into a routine, and Cal finds a target.",
         "production_code":"",
         "season_number":2,
         "still_path":"/nibFSc6mQLHeFAkfKEifnObtYRR.jpg",
         "vote_average":7.8,
         "vote_count":6
      },
      {
         "air_date":"2022-01-30",
         "episode_number":4,
         "crew":[
            {
               "job":"Director",
               "department":"Directing",
               "credit_id":"5d078a71925141488abbac4a",
               "adult":false,
               "gender":2,
               "id":96172,
               "known_for_department":"Directing",
               "name":"Sam Levinson",
               "original_name":"Sam Levinson",
               "popularity":25.519,
               "profile_path":"/unyjIDs02a9ghtZhnajoAKKGzhW.jpg"
            },
            {
               "job":"Writer",
               "department":"Writing",
               "credit_id":"5f8e3445ac617c00377f29dc",
               "adult":false,
               "gender":2,
               "id":96172,
               "known_for_department":"Directing",
               "name":"Sam Levinson",
               "original_name":"Sam Levinson",
               "popularity":25.519,
               "profile_path":"/unyjIDs02a9ghtZhnajoAKKGzhW.jpg"
            },
            {
               "job":"Director of Photography",
               "department":"Camera",
               "credit_id":"60f7f44cfd140b005d2b849d",
               "adult":false,
               "gender":2,
               "id":1353787,
               "known_for_department":"Camera",
               "name":"Marcell Rév",
               "original_name":"Marcell Rév",
               "popularity":1.4,
               "profile_path":"/ztm9HLplSu208kzMa69gjwth9pA.jpg"
            },
            {
               "job":"Co-Editor",
               "department":"Editing",
               "credit_id":"60f7fa19944a5700303d880d",
               "adult":false,
               "gender":0,
               "id":1823398,
               "known_for_department":"Editing",
               "name":"Nikola Boyanov",
               "original_name":"Nikola Boyanov",
               "popularity":0.98,
               "profile_path":null
            },
            {
               "job":"Production Design",
               "department":"Art",
               "credit_id":"60f7fa349603310081152f4b",
               "adult":false,
               "gender":2,
               "id":66495,
               "known_for_department":"Art",
               "name":"Jason Baldwin Stewart",
               "original_name":"Jason Baldwin Stewart",
               "popularity":1.3,
               "profile_path":null
            },
            {
               "job":"Set Decoration",
               "department":"Art",
               "credit_id":"60f7fa71fd140b005d2b8a61",
               "adult":false,
               "gender":0,
               "id":2861793,
               "known_for_department":"Art",
               "name":"Julia Altschul",
               "original_name":"Julia Altschul",
               "popularity":0.98,
               "profile_path":null
            },
            {
               "job":"Art Direction",
               "department":"Art",
               "credit_id":"61a111e63d4d9600919554e1",
               "adult":false,
               "gender":0,
               "id":2011863,
               "known_for_department":"Art",
               "name":"Alyssa Hill",
               "original_name":"Alyssa Hill",
               "popularity":0.6,
               "profile_path":null
            },
            {
               "job":"Art Direction",
               "department":"Art",
               "credit_id":"61a111f00582240042abb9ff",
               "adult":false,
               "gender":0,
               "id":2809354,
               "known_for_department":"Art",
               "name":"Nealy Orillion",
               "original_name":"Nealy Orillion",
               "popularity":0.98,
               "profile_path":null
            }
         ],
         "guest_stars":[
            {
               "character":"Gospel Singer",
               "credit_id":"61f9147c0721660099979e40",
               "order":34,
               "adult":false,
               "gender":2,
               "id":2474721,
               "known_for_department":"Acting",
               "name":"Labrinth",
               "original_name":"Labrinth",
               "popularity":1.4,
               "profile_path":"/oCZegAaDUrTRUQWDY7n55u4ODo8.jpg"
            },
            {
               "character":"Aaron Jacobs",
               "credit_id":"61fbb431ae6f0900a2e4484f",
               "order":38,
               "adult":false,
               "gender":2,
               "id":1903427,
               "known_for_department":"Acting",
               "name":"Zak Steiner",
               "original_name":"Zak Steiner",
               "popularity":2.656,
               "profile_path":null
            },
            {
               "character":"Derek",
               "credit_id":"61fbb44fae6f0900a2e4485d",
               "order":38,
               "adult":false,
               "gender":0,
               "id":3410595,
               "name":"Henry Eikenberry",
               "original_name":"Henry Eikenberry",
               "popularity":1.532,
               "profile_path":null
            },
            {
               "character":"Custer",
               "credit_id":"61e6354e2634620096865295",
               "order":225,
               "adult":false,
               "gender":2,
               "id":1223876,
               "known_for_department":"Acting",
               "name":"Tyler Chase",
               "original_name":"Tyler Chase",
               "popularity":2.575,
               "profile_path":"/wcsh5Eu83vrEXOny35LMscwL2B9.jpg"
            },
            {
               "character":"Organist",
               "credit_id":"61fc2707cb80280069fcfc6a",
               "order":225,
               "adult":false,
               "gender":0,
               "id":1505217,
               "known_for_department":"Acting",
               "name":"Herman Jackson",
               "original_name":"Herman Jackson",
               "popularity":0.98,
               "profile_path":null
            },
            {
               "character":"Minister",
               "credit_id":"61fc2710bf0f63011a66b051",
               "order":226,
               "adult":false,
               "gender":0,
               "id":2900952,
               "known_for_department":"Acting",
               "name":"Lafayette R. Dorsey Sr.",
               "original_name":"Lafayette R. Dorsey Sr.",
               "popularity":0.6,
               "profile_path":null
            },
            {
               "character":"Theo",
               "credit_id":"61fc244beee18600911c6990",
               "order":227,
               "adult":false,
               "gender":0,
               "id":3411149,
               "known_for_department":"Acting",
               "name":"Yukon Clement",
               "original_name":"Yukon Clement",
               "popularity":1.614,
               "profile_path":null
            },
            {
               "character":"Theo's Dad",
               "credit_id":"61fc2485b7abb500665ce69e",
               "order":227,
               "adult":false,
               "gender":0,
               "id":1837012,
               "known_for_department":"Acting",
               "name":"Fernando Belo",
               "original_name":"Fernando Belo",
               "popularity":0.996,
               "profile_path":"/2LgWdZieV7B4gagKPgLlp6TOubh.jpg"
            },
            {
               "character":"Outskirts Bartender",
               "credit_id":"61fc272bfe6c18009387241b",
               "order":227,
               "adult":false,
               "gender":2,
               "id":1094420,
               "known_for_department":"Acting",
               "name":"Saxon Anderson",
               "original_name":"Saxon Anderson",
               "popularity":1.38,
               "profile_path":null
            },
            {
               "character":"Bobbi",
               "credit_id":"61fc25f6eee186006bd35c71",
               "order":228,
               "adult":false,
               "gender":0,
               "id":3411162,
               "known_for_department":"Acting",
               "name":"Veronica S. Taylor",
               "original_name":"Veronica S. Taylor",
               "popularity":2.58,
               "profile_path":null
            },
            {
               "character":"Clerk",
               "credit_id":"61fc273b8c0a4869ee154322",
               "order":228,
               "adult":false,
               "gender":0,
               "id":1420973,
               "known_for_department":"Crew",
               "name":"Michael Hilow",
               "original_name":"Michael Hilow",
               "popularity":1.4,
               "profile_path":null
            },
            {
               "character":"Skinny Guy",
               "credit_id":"61fc274568929c00f62d36be",
               "order":229,
               "adult":false,
               "gender":2,
               "id":3394224,
               "known_for_department":"Acting",
               "name":"Eric Barron",
               "original_name":"Eric Barron",
               "popularity":0.6,
               "profile_path":null
            },
            {
               "character":"Tammy",
               "credit_id":"61fc274dcb8028001c580c3d",
               "order":230,
               "adult":false,
               "gender":0,
               "id":2908024,
               "known_for_department":"Acting",
               "name":"Coco Lloyd",
               "original_name":"Coco Lloyd",
               "popularity":1.4,
               "profile_path":null
            },
            {
               "character":"Sandy",
               "credit_id":"61fc27565c32470116fa827b",
               "order":231,
               "adult":false,
               "gender":1,
               "id":2049953,
               "known_for_department":"Acting",
               "name":"Elise Luthman",
               "original_name":"Elise Luthman",
               "popularity":6.259,
               "profile_path":"/6MHLrKdB2ZqOV3UWaE6TBZThH5o.jpg"
            },
            {
               "character":"Molly",
               "credit_id":"61fc275ffe6c1800c20b1159",
               "order":232,
               "adult":false,
               "gender":1,
               "id":1253106,
               "known_for_department":"Acting",
               "name":"Elle Alexander",
               "original_name":"Elle Alexander",
               "popularity":4.945,
               "profile_path":"/6MZFAolCYO4Gq3GyhdRbvf1XbhN.jpg"
            },
            {
               "character":"Stacey",
               "credit_id":"61fc2771eee18600cd3d7e6d",
               "order":233,
               "adult":false,
               "gender":0,
               "id":3411179,
               "known_for_department":"Acting",
               "name":"Winter Bassett",
               "original_name":"Winter Bassett",
               "popularity":1.38,
               "profile_path":null
            },
            {
               "character":"Robert",
               "credit_id":"61fc060c1e259a0113e09461",
               "order":235,
               "adult":false,
               "gender":0,
               "id":2581212,
               "known_for_department":"Acting",
               "name":"Bruce Wexler",
               "original_name":"Bruce Wexler",
               "popularity":0.98,
               "profile_path":null
            },
            {
               "character":"BB",
               "credit_id":"61e4faad4e4dff0067db69fc",
               "order":239,
               "adult":false,
               "gender":1,
               "id":3386005,
               "known_for_department":"Acting",
               "name":"Sophia Rose Wilson",
               "original_name":"Sophia Rose Wilson",
               "popularity":1.96,
               "profile_path":null
            },
            {
               "character":"Marsha Jacobs",
               "credit_id":"61fbb41dd100b6009b0d5c6c",
               "order":239,
               "adult":false,
               "gender":1,
               "id":59449,
               "known_for_department":"Acting",
               "name":"Paula Marshall",
               "original_name":"Paula Marshall",
               "popularity":20.09,
               "profile_path":"/rBmk7DDOYHempHWrPnijRvPDFaW.jpg"
            },
            {
               "character":"Samantha",
               "credit_id":"61fc23e8bf0f63011a66ac8d",
               "order":239,
               "adult":false,
               "gender":1,
               "id":96625,
               "known_for_department":"Acting",
               "name":"Minka Kelly",
               "original_name":"Minka Kelly",
               "popularity":29.406,
               "profile_path":"/40rLdQZlAPzDmizuDdb2uaSlFvC.jpg"
            }
         ],
         "id":3463605,
         "name":"You Who Cannot See, Think of Those Who Can",
         "overview":"At Maddy’s birthday party, relationships are celebrated and questioned. Meanwhile, Jules turns to Elliot for advice and Cal takes a trip down memory lane.",
         "production_code":"",
         "season_number":2,
         "still_path":"/nuTsLlLNacklbITyQPRvKOAtXlg.jpg",
         "vote_average":9.2,
         "vote_count":4
      },
      {
         "air_date":"2022-02-06",
         "episode_number":5,
         "crew":[
            {
               "job":"Director",
               "department":"Directing",
               "credit_id":"5d078a71925141488abbac4a",
               "adult":false,
               "gender":2,
               "id":96172,
               "known_for_department":"Directing",
               "name":"Sam Levinson",
               "original_name":"Sam Levinson",
               "popularity":25.519,
               "profile_path":"/unyjIDs02a9ghtZhnajoAKKGzhW.jpg"
            },
            {
               "job":"Writer",
               "department":"Writing",
               "credit_id":"5f8e3445ac617c00377f29dc",
               "adult":false,
               "gender":2,
               "id":96172,
               "known_for_department":"Directing",
               "name":"Sam Levinson",
               "original_name":"Sam Levinson",
               "popularity":25.519,
               "profile_path":"/unyjIDs02a9ghtZhnajoAKKGzhW.jpg"
            }
         ],
         "guest_stars":[
            {
               "character":"Robert",
               "credit_id":"61fc060c1e259a0113e09461",
               "order":235,
               "adult":false,
               "gender":0,
               "id":2581212,
               "known_for_department":"Acting",
               "name":"Bruce Wexler",
               "original_name":"Bruce Wexler",
               "popularity":0.98,
               "profile_path":null
            },
            {
               "character":"Laurie",
               "credit_id":"61fc2195ae6f0900d568d06c",
               "order":235,
               "adult":false,
               "gender":1,
               "id":1572541,
               "known_for_department":"Acting",
               "name":"Martha Kelly",
               "original_name":"Martha Kelly",
               "popularity":5.144,
               "profile_path":"/ac7HoARDIHdYNqpzgJBzpmKHXHR.jpg"
            },
            {
               "character":"Bruce Jr.",
               "credit_id":"61fc21ad41429100a217f3b4",
               "order":235,
               "adult":false,
               "gender":2,
               "id":1783255,
               "known_for_department":"Acting",
               "name":"Richie Merritt",
               "original_name":"Richie Merritt",
               "popularity":5.995,
               "profile_path":"/9guamI0YrLggrGjVSth9OnUrhRQ.jpg"
            },
            {
               "character":"3-Year-Old Rue",
               "credit_id":"6200912511386c004305367b",
               "order":235,
               "adult":false,
               "gender":0,
               "id":3416262,
               "known_for_department":"Acting",
               "name":"Alumière Glass",
               "original_name":"Alumière Glass",
               "popularity":0.6,
               "profile_path":null
            },
            {
               "character":"Bruce",
               "credit_id":"61fc21d4bf0f6300ddff2f81",
               "order":236,
               "adult":false,
               "gender":0,
               "id":3411133,
               "known_for_department":"Acting",
               "name":"Melvin Estes",
               "original_name":"Melvin Estes",
               "popularity":1.4,
               "profile_path":null
            },
            {
               "character":"Ella",
               "credit_id":"62009144cf4b8b0066ae0d8d",
               "order":236,
               "adult":true,
               "gender":1,
               "id":236030,
               "known_for_department":"Acting",
               "name":"Jessie Andrews",
               "original_name":"Jessie Andrews",
               "popularity":5.263,
               "profile_path":"/miJ1dy5mYGLloLCQvoSdeCnT2ye.jpg"
            }
         ],
         "id":3464329,
         "name":"Stand Still Like the Hummingbird",
         "overview":"Fate has a way of catching up with those who try to outrun it.",
         "production_code":"",
         "season_number":2,
         "still_path":"/g90PNNYusg548V8wncsK4lUb1rY.jpg",
         "vote_average":9.5,
         "vote_count":8
      },
      {
         "air_date":"2022-02-13",
         "episode_number":6,
         "crew":[
            {
               "job":"Director",
               "department":"Directing",
               "credit_id":"5d078a71925141488abbac4a",
               "adult":false,
               "gender":2,
               "id":96172,
               "known_for_department":"Directing",
               "name":"Sam Levinson",
               "original_name":"Sam Levinson",
               "popularity":25.519,
               "profile_path":"/unyjIDs02a9ghtZhnajoAKKGzhW.jpg"
            },
            {
               "job":"Writer",
               "department":"Writing",
               "credit_id":"5f8e3445ac617c00377f29dc",
               "adult":false,
               "gender":2,
               "id":96172,
               "known_for_department":"Directing",
               "name":"Sam Levinson",
               "original_name":"Sam Levinson",
               "popularity":25.519,
               "profile_path":"/unyjIDs02a9ghtZhnajoAKKGzhW.jpg"
            }
         ],
         "guest_stars":[
            {
               "character":"Ali",
               "credit_id":"5d3fb87b34e1521fb8e7c87a",
               "order":237,
               "adult":false,
               "gender":2,
               "id":91671,
               "known_for_department":"Acting",
               "name":"Colman Domingo",
               "original_name":"Colman Domingo",
               "popularity":6.872,
               "profile_path":"/2tu6T9ugnf82qIMGVKWSb0dvvq5.jpg"
            },
            {
               "character":"Waitress",
               "credit_id":"620aabf0014325008d2494c0",
               "order":237,
               "adult":false,
               "gender":1,
               "id":2346405,
               "known_for_department":"Acting",
               "name":"Susan Louise O'Connor",
               "original_name":"Susan Louise O'Connor",
               "popularity":1.4,
               "profile_path":null
            },
            {
               "character":"Marsha Jacobs",
               "credit_id":"61fbb41dd100b6009b0d5c6c",
               "order":239,
               "adult":false,
               "gender":1,
               "id":59449,
               "known_for_department":"Acting",
               "name":"Paula Marshall",
               "original_name":"Paula Marshall",
               "popularity":20.09,
               "profile_path":"/rBmk7DDOYHempHWrPnijRvPDFaW.jpg"
            },
            {
               "character":"Samantha",
               "credit_id":"61fc23e8bf0f63011a66ac8d",
               "order":239,
               "adult":false,
               "gender":1,
               "id":96625,
               "known_for_department":"Acting",
               "name":"Minka Kelly",
               "original_name":"Minka Kelly",
               "popularity":29.406,
               "profile_path":"/40rLdQZlAPzDmizuDdb2uaSlFvC.jpg"
            }
         ],
         "id":3464332,
         "name":"A Thousand Little Trees of Blood",
         "overview":"As relationships with mothers are tested, Rue tries to recover. Meanwhile, Lexi questions the possible backlash from her play, and Nate celebrates his newfound freedom.",
         "production_code":"",
         "season_number":2,
         "still_path":"/a4FJJ4jPpYc34jmtXzgm2uAS6V7.jpg",
         "vote_average":6.8,
         "vote_count":4
      },
      {
         "air_date":"2022-02-20",
         "episode_number":7,
         "crew":[
            {
               "job":"Director",
               "department":"Directing",
               "credit_id":"5d078a71925141488abbac4a",
               "adult":false,
               "gender":2,
               "id":96172,
               "known_for_department":"Directing",
               "name":"Sam Levinson",
               "original_name":"Sam Levinson",
               "popularity":25.519,
               "profile_path":"/unyjIDs02a9ghtZhnajoAKKGzhW.jpg"
            },
            {
               "job":"Writer",
               "department":"Writing",
               "credit_id":"5f8e3445ac617c00377f29dc",
               "adult":false,
               "gender":2,
               "id":96172,
               "known_for_department":"Directing",
               "name":"Sam Levinson",
               "original_name":"Sam Levinson",
               "popularity":25.519,
               "profile_path":"/unyjIDs02a9ghtZhnajoAKKGzhW.jpg"
            }
         ],
         "guest_stars":[
            {
               "character":"BB",
               "credit_id":"61e4faad4e4dff0067db69fc",
               "order":239,
               "adult":false,
               "gender":1,
               "id":3386005,
               "known_for_department":"Acting",
               "name":"Sophia Rose Wilson",
               "original_name":"Sophia Rose Wilson",
               "popularity":1.96,
               "profile_path":null
            },
            {
               "character":"Samantha",
               "credit_id":"61fc23e8bf0f63011a66ac8d",
               "order":239,
               "adult":false,
               "gender":1,
               "id":96625,
               "known_for_department":"Acting",
               "name":"Minka Kelly",
               "original_name":"Minka Kelly",
               "popularity":29.406,
               "profile_path":"/40rLdQZlAPzDmizuDdb2uaSlFvC.jpg"
            }
         ],
         "id":3480499,
         "name":"The Theater and Its Double",
         "overview":"Art imitates life as the East Highland crew watches their complicated dynamics reflected in Lexi's long-awaited play. Meanwhile, Fezco gets ready to attend.",
         "production_code":"",
         "season_number":2,
         "still_path":"/1qXV8oAPhIqkqaNouwb9JC28SfV.jpg",
         "vote_average":8.3,
         "vote_count":9
      },
      {
         "air_date":"2022-02-27",
         "episode_number":8,
         "crew":[
            {
               "job":"Director",
               "department":"Directing",
               "credit_id":"5d078a71925141488abbac4a",
               "adult":false,
               "gender":2,
               "id":96172,
               "known_for_department":"Directing",
               "name":"Sam Levinson",
               "original_name":"Sam Levinson",
               "popularity":25.519,
               "profile_path":"/unyjIDs02a9ghtZhnajoAKKGzhW.jpg"
            },
            {
               "job":"Writer",
               "department":"Writing",
               "credit_id":"5f8e3445ac617c00377f29dc",
               "adult":false,
               "gender":2,
               "id":96172,
               "known_for_department":"Directing",
               "name":"Sam Levinson",
               "original_name":"Sam Levinson",
               "popularity":25.519,
               "profile_path":"/unyjIDs02a9ghtZhnajoAKKGzhW.jpg"
            }
         ],
         "guest_stars":[
            {
               "character":"BB",
               "credit_id":"61e4faad4e4dff0067db69fc",
               "order":239,
               "adult":false,
               "gender":1,
               "id":3386005,
               "known_for_department":"Acting",
               "name":"Sophia Rose Wilson",
               "original_name":"Sophia Rose Wilson",
               "popularity":1.96,
               "profile_path":null
            }
         ],
         "id":3480500,
         "name":"All My Life, My Heart Has Yearned for a Thing I Cannot Name",
         "overview":"As the show goes on, fragments of memories collide with the present and future.",
         "production_code":"",
         "season_number":2,
         "still_path":"/po4G5fgneIoiuk7TWlvcusWM1HS.jpg",
         "vote_average":8.5,
         "vote_count":4
      }
   ],
   "name":"Season 2",
   "overview":"",
   "id":220804,
   "poster_path":"/jtnfNzqZwN4E32FGGxx1YZaBWWf.jpg",
   "season_number":2
}
