{
"dates":{
"maximum":"2022-02-21",
"minimum":"2022-01-04"
},
"page":1,
"results":[
{
"adult":false,
"backdrop_path":"/iQFcwSGbZXMkeyKrxbPnwnRo5fl.jpg",
"genre_ids":[
28,
12,
878
],
"id":634649,
"original_language":"en",
"original_title":"Spider-Man: No Way Home",
"overview":"Peter Parker is unmasked and no longer able to separate his normal life from the high-stakes of being a super-hero. When he asks for help from Doctor Strange the stakes become even more dangerous, forcing him to discover what it truly means to be Spider-Man.",
"popularity":6865.258,
"poster_path":"/1g0dhYtq4irTY1GPXvft6k4YLjm.jpg",
"release_date":"2021-12-15",
"title":"Spider-Man: No Way Home",
"video":false,
"vote_average":8.3,
"vote_count":8220
},
{
"adult":false,
"backdrop_path":"/4OTYefcAlaShn6TGVK33UxLW9R7.jpg",
"genre_ids":[
28,
12,
53,
10752
],
"id":476669,
"original_language":"en",
"original_title":"The King's Man",
"overview":"As a collection of history's worst tyrants and criminal masterminds gather to plot a war to wipe out millions, one man must race against time to stop them.",
"popularity":4045.408,
"poster_path":"/aq4Pwv5Xeuvj6HZKtxyd23e6bE9.jpg",
"release_date":"2021-12-22",
"title":"The King's Man",
"video":false,
"vote_average":7.1,
"vote_count":1266
},
{
"adult":false,
"backdrop_path":"/usaZV7KB6Man9Rm9TyDAeQf7uVD.jpg",
"genre_ids":[
27,
9648,
53
],
"id":646385,
"original_language":"en",
"original_title":"Scream",
"overview":"Twenty-five years after a streak of brutal murders shocked the quiet town of Woodsboro, a new killer has donned the Ghostface mask and begins targeting a group of teenagers to resurrect secrets from the town’s deadly past.",
"popularity":3195.08,
"poster_path":"/kZNHR1upJKF3eTzdgl5V8s8a4C3.jpg",
"release_date":"2022-01-12",
"title":"Scream",
"video":false,
"vote_average":7,
"vote_count":605
},
{
"adult":false,
"backdrop_path":"/3G1Q5xF40HkUBJXxt2DQgQzKTp5.jpg",
"genre_ids":[
16,
35,
10751,
14
],
"id":568124,
"original_language":"en",
"original_title":"Encanto",
"overview":"The tale of an extraordinary family, the Madrigals, who live hidden in the mountains of Colombia, in a magical house, in a vibrant town, in a wondrous, charmed place called an Encanto. The magic of the Encanto has blessed every child in the family with a unique gift from super strength to the power to heal—every child except one, Mirabel. But when she discovers that the magic surrounding the Encanto is in danger, Mirabel decides that she, the only ordinary Madrigal, might just be her exceptional family's last hope.",
"popularity":3110.265,
"poster_path":"/4j0PNHkMr5ax3IA8tjtxcmPU3QT.jpg",
"release_date":"2021-11-24",
"title":"Encanto",
"video":false,
"vote_average":7.8,
"vote_count":4599
},
{
"adult":false,
"backdrop_path":"/mqDnDhG5N6fn1H4MKQqr8E5wfeK.jpg",
"genre_ids":[
80,
18,
53
],
"id":597208,
"original_language":"en",
"original_title":"Nightmare Alley",
"overview":"An ambitious carnival man with a talent for manipulating people with a few well-chosen words hooks up with a female psychiatrist who is even more dangerous than he is.",
"popularity":3029.933,
"poster_path":"/680klE0dIreQQOyWKFgNnCAJtws.jpg",
"release_date":"2021-12-02",
"title":"Nightmare Alley",
"video":false,
"vote_average":7.2,
"vote_count":807
},
{
"adult":false,
"backdrop_path":"/eVSa4TpyXbOdk9fXSD6OcORJGtv.jpg",
"genre_ids":[
53
],
"id":803114,
"original_language":"en",
"original_title":"The Requin",
"overview":"A couple on a romantic getaway find themselves stranded at sea when a tropical storm sweeps away their villa. In order to survive, they are forced to fight the elements, while sharks circle below.",
"popularity":1958.442,
"poster_path":"/i0z8g2VRZP3dhVvvSMilbOZMKqR.jpg",
"release_date":"2022-01-28",
"title":"The Requin",
"video":false,
"vote_average":4.5,
"vote_count":49
},
{
"adult":false,
"backdrop_path":"/mruT954ve6P1zquaRs6XG0hA5k9.jpg",
"genre_ids":[
53
],
"id":800510,
"original_language":"en",
"original_title":"Kimi",
"overview":"A tech worker with agoraphobia discovers recorded evidence of a violent crime but is met with resistance when she tries to report it. Seeking justice, she must do the thing she fears the most: she must leave her apartment.",
"popularity":2765.983,
"poster_path":"/okNgwtxIWzGsNlR3GsOS0i0Qgbn.jpg",
"release_date":"2022-02-10",
"title":"Kimi",
"video":false,
"vote_average":6.3,
"vote_count":130
},
{
"adult":false,
"backdrop_path":"/koaxq5QbARIlfxCOR89atPHv367.jpg",
"genre_ids":[
35,
10749,
10402
],
"id":615904,
"original_language":"en",
"original_title":"Marry Me",
"overview":"Music superstars Kat Valdez and Bastian are getting married before a global audience of fans. But when Kat learns, seconds before her vows, that Bastian has been unfaithful, she decides to marry Charlie, a stranger in the crowd, instead.",
"popularity":1615.739,
"poster_path":"/ko1JVbGj4bT8IhCWqjBQ6ZtF2t.jpg",
"release_date":"2022-02-09",
"title":"Marry Me",
"video":false,
"vote_average":6.9,
"vote_count":169
},
{
"adult":false,
"backdrop_path":"/cugmVwK0N4aAcLibelKN5jWDXSx.jpg",
"genre_ids":[
16,
28,
14,
12
],
"id":768744,
"original_language":"ja",
"original_title":"僕のヒーローアカデミア THE MOVIE ワールド ヒーローズ ミッション",
"overview":"A mysterious group called Humarize strongly believes in the Quirk Singularity Doomsday theory which states that when quirks get mixed further in with future generations, that power will bring forth the end of humanity. In order to save everyone, the Pro-Heroes around the world ask UA Academy heroes-in-training to assist them and form a world-classic selected hero team. It is up to the heroes to save the world and the future of heroes in what is the most dangerous crisis to take place yet in My Hero Academia.",
"popularity":2107.358,
"poster_path":"/4NUzcKtYPKkfTwKsLjwNt8nRIXV.jpg",
"release_date":"2021-08-06",
"title":"My Hero Academia: World Heroes' Mission",
"video":false,
"vote_average":7.4,
"vote_count":71
},
{
"adult":false,
"backdrop_path":"/8pgKccb5PfE1kWB9qqiXJem83VC.jpg",
"genre_ids":[
28,
53
],
"id":522016,
"original_language":"en",
"original_title":"The 355",
"overview":"A group of top female agents from American, British, Chinese, Columbian and German government agencies are drawn together to try and stop an organization from acquiring a deadly weapon to send the world into chaos.",
"popularity":1280.05,
"poster_path":"/uQt2dJFMnJmAp9zLAWNfGilK0BW.jpg",
"release_date":"2022-01-05",
"title":"The 355",
"video":false,
"vote_average":6.1,
"vote_count":254
},
{
"adult":false,
"backdrop_path":"/tutaKitJJIaqZPyMz7rxrhb4Yxm.jpg",
"genre_ids":[
35,
16,
10751,
10402
],
"id":438695,
"original_language":"en",
"original_title":"Sing 2",
"overview":"Buster and his new cast now have their sights set on debuting a new show at the Crystal Tower Theater in glamorous Redshore City. But with no connections, he and his singers must sneak into the Crystal Entertainment offices, run by the ruthless wolf mogul Jimmy Crystal, where the gang pitches the ridiculous idea of casting the lion rock legend Clay Calloway in their show. Buster must embark on a quest to find the now-isolated Clay and persuade him to return to the stage.",
"popularity":1539.132,
"poster_path":"/aWeKITRFbbwY8txG5uCj4rMCfSP.jpg",
"release_date":"2021-12-01",
"title":"Sing 2",
"video":false,
"vote_average":8.2,
"vote_count":1967
},
{
"adult":false,
"backdrop_path":"/p3ajeXwrCczDh8eYsT8ryTvvfwm.jpg",
"genre_ids":[
28,
53,
80,
18
],
"id":766907,
"original_language":"en",
"original_title":"American Siege",
"overview":"An ex-NYPD officer-turned-sheriff of a small rural Georgia town has to contend with a gang of thieves who have taken a wealthy doctor hostage.",
"popularity":1228.443,
"poster_path":"/daeVrgyj0ue8qb3AHyU3UeCwoZz.jpg",
"release_date":"2022-01-07",
"title":"American Siege",
"video":false,
"vote_average":5.3,
"vote_count":41
},
{
"adult":false,
"backdrop_path":"/cTTggc927lEPCMsWUsdugSj6wAY.jpg",
"genre_ids":[
28,
12
],
"id":335787,
"original_language":"en",
"original_title":"Uncharted",
"overview":"A young street-smart, Nathan Drake and his wisecracking partner Victor “Sully” Sullivan embark on a dangerous pursuit of “the greatest treasure never found” while also tracking clues that may lead to Nathan’s long-lost brother.",
"popularity":1371.476,
"poster_path":"/tlZpSxYuBRoVJBOpUrPdQe9FmFq.jpg",
"release_date":"2022-02-10",
"title":"Uncharted",
"video":false,
"vote_average":7.2,
"vote_count":356
},
{
"adult":false,
"backdrop_path":"/o76ZDm8PS9791XiuieNB93UZcRV.jpg",
"genre_ids":[
27,
28,
878
],
"id":460458,
"original_language":"en",
"original_title":"Resident Evil: Welcome to Raccoon City",
"overview":"Once the booming home of pharmaceutical giant Umbrella Corporation, Raccoon City is now a dying Midwestern town. The company’s exodus left the city a wasteland…with great evil brewing below the surface. When that evil is unleashed, the townspeople are forever…changed…and a small group of survivors must work together to uncover the truth behind Umbrella and make it through the night.",
"popularity":1252.596,
"poster_path":"/7uRbWOXxpWDMtnsd2PF3clu65jc.jpg",
"release_date":"2021-11-24",
"title":"Resident Evil: Welcome to Raccoon City",
"video":false,
"vote_average":6.2,
"vote_count":1238
},
{
"adult":false,
"backdrop_path":"/srJ7haOhfykoPOYPQrstOaFem08.jpg",
"genre_ids":[
28
],
"id":811592,
"original_language":"en",
"original_title":"One Shot",
"overview":"An elite squad of Navy SEALs, on a covert mission to transport a prisoner off a CIA black site island prison, are trapped when insurgents attack while trying to rescue the same prisoner.",
"popularity":942.826,
"poster_path":"/3OXiTjU30gWtqxmx4BU9RVp2OTv.jpg",
"release_date":"2021-11-05",
"title":"One Shot",
"video":false,
"vote_average":6.7,
"vote_count":303
},
{
"adult":false,
"backdrop_path":"/eNI7PtK6DEYgZmHWP9gQNuff8pv.jpg",
"genre_ids":[
878,
28,
12
],
"id":624860,
"original_language":"en",
"original_title":"The Matrix Resurrections",
"overview":"Plagued by strange memories, Neo's life takes an unexpected turn when he finds himself back inside the Matrix.",
"popularity":1135.899,
"poster_path":"/8c4a8kE7PizaGQQnditMmI1xbRp.jpg",
"release_date":"2021-12-16",
"title":"The Matrix Resurrections",
"video":false,
"vote_average":6.8,
"vote_count":3007
},
{
"adult":false,
"backdrop_path":"/1Wlwnhn5sXUIwlxpJgWszT622PS.jpg",
"genre_ids":[
10751,
12,
35,
14
],
"id":585245,
"original_language":"en",
"original_title":"Clifford the Big Red Dog",
"overview":"As Emily struggles to fit in at home and at school, she discovers a small red puppy who is destined to become her best friend. When Clifford magically undergoes one heck of a growth spurt, becomes a gigantic dog and attracts the attention of a genetics company, Emily and her Uncle Casey have to fight the forces of greed as they go on the run across New York City. Along the way, Clifford affects the lives of everyone around him and teaches Emily and her uncle the true meaning of acceptance and unconditional love.",
"popularity":673.726,
"poster_path":"/oifhfVhUcuDjE61V5bS5dfShQrm.jpg",
"release_date":"2021-11-10",
"title":"Clifford the Big Red Dog",
"video":false,
"vote_average":7.3,
"vote_count":1054
},
{
"adult":false,
"backdrop_path":"/4gKxQIW91hOTELjY5lzjMbLoGxB.jpg",
"genre_ids":[
28,
53,
878
],
"id":763164,
"original_language":"en",
"original_title":"Apex",
"overview":"Ex-cop Thomas Malone is serving a life sentence for a crime he didn’t commit. He is offered a chance at freedom if he can survive a deadly game of Apex, in which six hunters pay for the pleasure of hunting another human on a remote island. He accepts, and once he arrives, all hell breaks loose.",
"popularity":340.849,
"poster_path":"/chTkFGToW5bsyw3hgLAe4S5Gt3.jpg",
"release_date":"2021-11-12",
"title":"Apex",
"video":false,
"vote_average":5.4,
"vote_count":385
},
{
"adult":false,
"backdrop_path":"/jdLsmpqmP1wTdFUPtmxMnYgoifT.jpg",
"genre_ids":[
18,
80,
53
],
"id":644495,
"original_language":"en",
"original_title":"House of Gucci",
"overview":"When Patrizia Reggiani, an outsider from humble beginnings, marries into the Gucci family, her unbridled ambition begins to unravel the family legacy and triggers a reckless spiral of betrayal, decadence, revenge, and ultimately…murder.",
"popularity":475.166,
"poster_path":"/vHla3Ej2m53rNmvmYkzvennLrKn.jpg",
"release_date":"2021-11-24",
"title":"House of Gucci",
"video":false,
"vote_average":6.7,
"vote_count":1133
},
{
"adult":false,
"backdrop_path":"/mRZDHjArYNWpOv06kxRK1cduQKh.jpg",
"genre_ids":[
27,
53
],
"id":754934,
"original_language":"en",
"original_title":"Son",
"overview":"When a young boy contracts a mysterious illness, his mother must decide how far she will go to protect him from terrifying forces in her past.",
"popularity":305.715,
"poster_path":"/4fl6EdtMp6p0RKJgESdFti1J3dC.jpg",
"release_date":"2021-08-06",
"title":"Son",
"video":false,
"vote_average":5.9,
"vote_count":85
}
],
"total_pages":57,
"total_results":1121
}
