
{
   "page":1,
   "results":[
      {
         "adult":false,
         "gender":1,
         "id":1972974,
         "known_for":[
            {
               "adult":false,
               "backdrop_path":"/yBfSD3hUCCS2JVlDCRlpivVE7II.jpg",
               "first_air_date":"2017-09-25",
               "genre_ids":[
                  35
               ],
               "id":71728,
               "media_type":"tv",
               "name":"Young Sheldon",
               "origin_country":[
                  "US"
               ],
               "original_language":"en",
               "original_name":"Young Sheldon",
               "overview":"The early life of child genius Sheldon Cooper, later seen in The Big Bang Theory.",
               "poster_path":"/5Gf83qYgLY8Qivn7jpv5nxxZPu6.jpg",
               "vote_average":8,
               "vote_count":1567
            },
            {
               "adult":false,
               "backdrop_path":"/iHthPe72Jfb3du2MeQcQsETUBsI.jpg",
               "genre_ids":[
                  28,
                  80,
                  53
               ],
               "id":629017,
               "media_type":"movie",
               "original_language":"en",
               "original_title":"Run Hide Fight",
               "overview":"A 17-year-old girl uses her wits, survival skills, and compassion to fight for her life, and those of her fellow classmates, against a group of live-streaming school shooters.",
               "poster_path":"/wlP25H14OvKoFORIwuKomZzioA5.jpg",
               "release_date":"2020-09-10",
               "title":"Run Hide Fight",
               "video":false,
               "vote_average":6.6,
               "vote_count":215
            },
            {
               "adult":false,
               "backdrop_path":"/puakB1M78oqHoyf6qP1Nfx9IMse.jpg",
               "first_air_date":"2018-03-23",
               "genre_ids":[
                  35
               ],
               "id":76874,
               "media_type":"tv",
               "name":"Alexa & Katie",
               "origin_country":[
                  "US"
               ],
               "original_language":"en",
               "original_name":"Alexa & Katie",
               "overview":"Lifelong best friends Alexa and Katie are eagerly anticipating the start of their freshman year of high school. The pals confront a crisis that leaves them feeling like outsiders at a time when what seems to matter most is fitting in.",
               "poster_path":"/jVLqM6g5vF63Zq650lNSgtDx6hW.jpg",
               "vote_average":8.5,
               "vote_count":96
            }
         ],
         "known_for_department":"Acting",
         "name":"Isabel May",
         "popularity":146.796,
         "profile_path":"/9AT39NSHNQ44VebDrqupxplmyLK.jpg"
      },
      {
         "adult":false,
         "gender":2,
         "id":1136406,
         "known_for":[
            {
               "adult":false,
               "backdrop_path":"/lmZFxXgJE3vgrciwuDib0N8CfQo.jpg",
               "genre_ids":[
                  12,
                  28,
                  878
               ],
               "id":299536,
               "media_type":"movie",
               "original_language":"en",
               "original_title":"Avengers: Infinity War",
               "overview":"As the Avengers and their allies have continued to protect the world from threats too large for any one hero to handle, a new danger has emerged from the cosmic shadows: Thanos. A despot of intergalactic infamy, his goal is to collect all six Infinity Stones, artifacts of unimaginable power, and use them to inflict his twisted will on all of reality. Everything the Avengers have fought for has led up to this moment - the fate of Earth and existence itself has never been more uncertain.",
               "poster_path":"/7WsyChQLEftFiDOVTGkv3hFpyyt.jpg",
               "release_date":"2018-04-25",
               "title":"Avengers: Infinity War",
               "video":false,
               "vote_average":8.3,
               "vote_count":24022
            },
            {
               "adult":false,
               "backdrop_path":"/7RyHsO4yDXtBv1zUU3mTpHeQ0d5.jpg",
               "genre_ids":[
                  12,
                  878,
                  28
               ],
               "id":299534,
               "media_type":"movie",
               "original_language":"en",
               "original_title":"Avengers: Endgame",
               "overview":"After the devastating events of Avengers: Infinity War, the universe is in ruins due to the efforts of the Mad Titan, Thanos. With the help of remaining allies, the Avengers must assemble once more in order to undo Thanos' actions and restore order to the universe once and for all, no matter what consequences may be in store.",
               "poster_path":"/or06FN3Dka5tukK1e9sl16pB3iy.jpg",
               "release_date":"2019-04-24",
               "title":"Avengers: Endgame",
               "video":false,
               "vote_average":8.3,
               "vote_count":20472
            },
            {
               "adult":false,
               "backdrop_path":"/7FWlcZq3r6525LWOcvO9kNWurN1.jpg",
               "genre_ids":[
                  12,
                  28,
                  878
               ],
               "id":271110,
               "media_type":"movie",
               "original_language":"en",
               "original_title":"Captain America: Civil War",
               "overview":"Following the events of Age of Ultron, the collective governments of the world pass an act designed to regulate all superhuman activity. This polarizes opinion amongst the Avengers, causing two factions to side with Iron Man or Captain America, which causes an epic battle between former allies.",
               "poster_path":"/rAGiXaUfPzY7CDEyNKUofk3Kw2e.jpg",
               "release_date":"2016-04-27",
               "title":"Captain America: Civil War",
               "video":false,
               "vote_average":7.4,
               "vote_count":19440
            }
         ],
         "known_for_department":"Acting",
         "name":"Tom Holland",
         "popularity":111.73,
         "profile_path":"/2qhIDp44cAqP2clOgt2afQI07X8.jpg"
      },
      {
         "adult":false,
         "gender":2,
         "id":1215399,
         "known_for":[
            {
               "adult":false,
               "backdrop_path":"/4NdAMnBwSAaSsUjoXkcU5aW28RF.jpg",
               "genre_ids":[
                  28,
                  80,
                  53
               ],
               "id":273481,
               "media_type":"movie",
               "original_language":"en",
               "original_title":"Sicario",
               "overview":"An idealistic FBI agent is enlisted by a government task force to aid in the escalating war against drugs at the border area between the U.S. and Mexico.",
               "poster_path":"/tw0lXhbNkklvseuJ4aYldkVyXV7.jpg",
               "release_date":"2015-09-17",
               "title":"Sicario",
               "video":false,
               "vote_average":7.4,
               "vote_count":6777
            },
            {
               "adult":false,
               "backdrop_path":"/kQGxGXzYiCumY8kmXXpgbZyZQK8.jpg",
               "genre_ids":[
                  80,
                  18,
                  9648,
                  53
               ],
               "id":395834,
               "media_type":"movie",
               "original_language":"en",
               "original_title":"Wind River",
               "overview":"An FBI agent teams with the town's veteran game tracker to investigate a murder that occurred on a Native American reservation.",
               "poster_path":"/pySivdR845Hom4u4T2WNkJxe6Ad.jpg",
               "release_date":"2017-08-03",
               "title":"Wind River",
               "video":false,
               "vote_average":7.4,
               "vote_count":4044
            },
            {
               "adult":false,
               "backdrop_path":"/GZx3RAiTJAhXOdhLLyCAbqRl11.jpg",
               "genre_ids":[
                  37,
                  80
               ],
               "id":338766,
               "media_type":"movie",
               "original_language":"en",
               "original_title":"Hell or High Water",
               "overview":"A divorced dad and his ex-con brother resort to a desperate scheme in order to save their family's farm in West Texas.",
               "poster_path":"/ljRRxqy2aXIkIBXLmOVifcOR021.jpg",
               "release_date":"2016-08-11",
               "title":"Hell or High Water",
               "video":false,
               "vote_average":7.3,
               "vote_count":3639
            }
         ],
         "known_for_department":"Writing",
         "name":"Taylor Sheridan",
         "popularity":68,
         "profile_path":"/enrOQII7bCIf7U0WbdxiuXGfzrs.jpg"
      },
      {
         "adult":false,
         "gender":1,
         "id":224513,
         "known_for":[
            {
               "adult":false,
               "backdrop_path":"/sAtoMqDVhNDQBc3QJL3RF6hlhGq.jpg",
               "genre_ids":[
                  878,
                  18
               ],
               "id":335984,
               "media_type":"movie",
               "original_language":"en",
               "original_title":"Blade Runner 2049",
               "overview":"Thirty years after the events of the first film, a new blade runner, LAPD Officer K, unearths a long-buried secret that has the potential to plunge what's left of society into chaos. K's discovery leads him on a quest to find Rick Deckard, a former LAPD blade runner who has been missing for 30 years.",
               "poster_path":"/gajva2L0rPYkEWjzgFlBXCAVBE5.jpg",
               "release_date":"2017-10-04",
               "title":"Blade Runner 2049",
               "video":false,
               "vote_average":7.5,
               "vote_count":10464
            },
            {
               "adult":false,
               "backdrop_path":"/4HWAQu28e2yaWrtupFPGFkdNU7V.jpg",
               "genre_ids":[
                  35,
                  80,
                  9648
               ],
               "id":546554,
               "media_type":"movie",
               "original_language":"en",
               "original_title":"Knives Out",
               "overview":"When renowned crime novelist Harlan Thrombey is found dead at his estate just after his 85th birthday, the inquisitive and debonair Detective Benoit Blanc is mysteriously enlisted to investigate. From Harlan's dysfunctional family to his devoted staff, Blanc sifts through a web of red herrings and self-serving lies to uncover the truth behind Harlan's untimely death.",
               "poster_path":"/pThyQovXQrw2m0s9x82twj48Jq4.jpg",
               "release_date":"2019-11-27",
               "title":"Knives Out",
               "video":false,
               "vote_average":7.9,
               "vote_count":8510
            },
            {
               "adult":false,
               "backdrop_path":"/oNoprEND25zXR6Fns8cIZUkuoMc.jpg",
               "genre_ids":[
                  35,
                  80,
                  18
               ],
               "id":308266,
               "media_type":"movie",
               "original_language":"en",
               "original_title":"War Dogs",
               "overview":"Based on the true story of two young men, David Packouz and Efraim Diveroli, who won a $300 million contract from the Pentagon to arm America's allies in Afghanistan.",
               "poster_path":"/mDcPRjZC1bb6LavFU3gwsWdVfCM.jpg",
               "release_date":"2016-08-17",
               "title":"War Dogs",
               "video":false,
               "vote_average":6.9,
               "vote_count":3792
            }
         ],
         "known_for_department":"Acting",
         "name":"Ana de Armas",
         "popularity":66.82,
         "profile_path":"/14uxt0jH28J9zn4vNQNTae3Bmr7.jpg"
      },
      {
         "adult":false,
         "gender":2,
         "id":2037,
         "known_for":[
            {
               "adult":false,
               "backdrop_path":"/s3TBrRGB1iav7gFOCNx3H31MoES.jpg",
               "genre_ids":[
                  28,
                  878,
                  12
               ],
               "id":27205,
               "media_type":"movie",
               "original_language":"en",
               "original_title":"Inception",
               "overview":"Cobb, a skilled thief who commits corporate espionage by infiltrating the subconscious of his targets is offered a chance to regain his old life as payment for a task considered to be impossible: \"inception\", the implantation of another person's idea into a target's subconscious.",
               "poster_path":"/edv5CZvWj09upOsy2Y6IwDhK8bt.jpg",
               "release_date":"2010-07-15",
               "title":"Inception",
               "video":false,
               "vote_average":8.4,
               "vote_count":31025
            },
            {
               "adult":false,
               "backdrop_path":"/nMKdUUepR0i5zn0y1T4CsSB5chy.jpg",
               "genre_ids":[
                  18,
                  28,
                  80,
                  53
               ],
               "id":155,
               "media_type":"movie",
               "original_language":"en",
               "original_title":"The Dark Knight",
               "overview":"Batman raises the stakes in his war on crime. With the help of Lt. Jim Gordon and District Attorney Harvey Dent, Batman sets out to dismantle the remaining criminal organizations that plague the streets. The partnership proves to be effective, but they soon find themselves prey to a reign of chaos unleashed by a rising criminal mastermind known to the terrified citizens of Gotham as the Joker.",
               "poster_path":"/qJ2tW6WMUDux911r6m7haRef0WH.jpg",
               "release_date":"2008-07-14",
               "title":"The Dark Knight",
               "video":false,
               "vote_average":8.5,
               "vote_count":26926
            },
            {
               "adult":false,
               "backdrop_path":"/8p1btPA5ME6OsfAmL3bcf7P2yoP.jpg",
               "genre_ids":[
                  28,
                  80,
                  18,
                  53
               ],
               "id":49026,
               "media_type":"movie",
               "original_language":"en",
               "original_title":"The Dark Knight Rises",
               "overview":"Following the death of District Attorney Harvey Dent, Batman assumes responsibility for Dent's crimes to protect the late attorney's reputation and is subsequently hunted by the Gotham City Police Department. Eight years later, Batman encounters the mysterious Selina Kyle and the villainous Bane, a new terrorist leader who overwhelms Gotham's finest. The Dark Knight resurfaces to protect a city that has branded him an enemy.",
               "poster_path":"/85cWkCVftiVs0BVey6pxX8uNmLt.jpg",
               "release_date":"2012-07-16",
               "title":"The Dark Knight Rises",
               "video":false,
               "vote_average":7.8,
               "vote_count":19075
            }
         ],
         "known_for_department":"Acting",
         "name":"Cillian Murphy",
         "popularity":58.421,
         "profile_path":"/i8dOTC0w6V274ev5iAAvo4Ahhpr.jpg"
      },
      {
         "adult":false,
         "gender":1,
         "id":115440,
         "known_for":[
            {
               "adult":false,
               "backdrop_path":"/hj59t2wo5sYdPW3OSONMHYmAz09.jpg",
               "genre_ids":[
                  35,
                  18,
                  53
               ],
               "id":466272,
               "media_type":"movie",
               "original_language":"en",
               "original_title":"Once Upon a Time… in Hollywood",
               "overview":"Los Angeles, 1969. TV star Rick Dalton, a struggling actor specializing in westerns, and stuntman Cliff Booth, his best friend, try to survive in a constantly changing movie industry. Dalton is the neighbor of the young and promising actress and model Sharon Tate, who has just married the prestigious Polish director Roman Polanski…",
               "poster_path":"/8j58iEBw9pOXFD2L0nt0ZXeHviB.jpg",
               "release_date":"2019-07-24",
               "title":"Once Upon a Time… in Hollywood",
               "video":false,
               "vote_average":7.4,
               "vote_count":10106
            },
            {
               "backdrop_path":"/gIApbx2ffXVhJb2D4tiEx2b06nl.jpg",
               "first_air_date":"2005-03-27",
               "genre_ids":[
                  18
               ],
               "id":1416,
               "media_type":"tv",
               "name":"Grey's Anatomy",
               "origin_country":[
                  "US"
               ],
               "original_language":"en",
               "original_name":"Grey's Anatomy",
               "overview":"Follows the personal and professional lives of a group of doctors at Seattle’s Grey Sloan Memorial Hospital.",
               "poster_path":"/zPIug5giU8oug6Xes5K1sTfQJxY.jpg",
               "vote_average":8.3,
               "vote_count":7688
            },
            {
               "backdrop_path":"/oKt4J3TFjWirVwBqoHyIvv5IImd.jpg",
               "first_air_date":"2019-06-16",
               "genre_ids":[
                  18
               ],
               "id":85552,
               "media_type":"tv",
               "name":"Euphoria",
               "origin_country":[
                  "US"
               ],
               "original_language":"en",
               "original_name":"Euphoria",
               "overview":"A group of high school students navigate love and friendships in a world of drugs, sex, trauma, and social media.",
               "poster_path":"/jtnfNzqZwN4E32FGGxx1YZaBWWf.jpg",
               "vote_average":8.4,
               "vote_count":7079
            }
         ],
         "known_for_department":"Acting",
         "name":"Sydney Sweeney",
         "popularity":76.842,
         "profile_path":"/qoFGtNZu0OSd1xggj1VyClxwuF7.jpg"
      },
      {
         "adult":false,
         "gender":2,
         "id":1190668,
         "known_for":[
            {
               "adult":false,
               "backdrop_path":"/rAiYTfKGqDCRIIqo664sY9XZIvQ.jpg",
               "genre_ids":[
                  12,
                  18,
                  878
               ],
               "id":157336,
               "media_type":"movie",
               "original_language":"en",
               "original_title":"Interstellar",
               "overview":"The adventures of a group of explorers who make use of a newly discovered wormhole to surpass the limitations on human space travel and conquer the vast distances involved in an interstellar voyage.",
               "poster_path":"/gEU2QniE6E77NI6lCU6MxlNBvIx.jpg",
               "release_date":"2014-11-05",
               "title":"Interstellar",
               "video":false,
               "vote_average":8.4,
               "vote_count":27934
            },
            {
               "adult":false,
               "backdrop_path":"/hrMbAi9fPTmc6EtpyyAgDKznptu.jpg",
               "genre_ids":[
                  10749,
                  18
               ],
               "id":398818,
               "media_type":"movie",
               "original_language":"en",
               "original_title":"Call Me by Your Name",
               "overview":"In 1980s Italy, a relationship begins between seventeen-year-old teenage Elio and the older adult man hired as his father's research assistant.",
               "poster_path":"/gXiE0WveDnT0n5J4sW9TMxXF4oT.jpg",
               "release_date":"2017-09-01",
               "title":"Call Me by Your Name",
               "video":false,
               "vote_average":8.2,
               "vote_count":10000
            },
            {
               "adult":false,
               "backdrop_path":"/2ByWxoMbfE3pxztCJn5qTJ5Ui2Y.jpg",
               "genre_ids":[
                  18,
                  35
               ],
               "id":391713,
               "media_type":"movie",
               "original_language":"en",
               "original_title":"Lady Bird",
               "overview":"Lady Bird McPherson, a strong willed, deeply opinionated, artistic 17 year old comes of age in Sacramento. Her relationship with her mother and her upbringing are questioned and tested as she plans to head off to college.",
               "poster_path":"/iySFtKLrWvVzXzlFj7x1zalxi5G.jpg",
               "release_date":"2017-09-08",
               "title":"Lady Bird",
               "video":false,
               "vote_average":7.3,
               "vote_count":6889
            }
         ],
         "known_for_department":"Acting",
         "name":"Timothée Chalamet",
         "popularity":57.897,
         "profile_path":"/i31xZ0qcki624t1y76fPGlQPVgI.jpg"
      },
      {
         "adult":false,
         "gender":1,
         "id":224414,
         "known_for":[
            {
               "backdrop_path":"/usLRh1bcbL0Q9X8zf6rL4OV1qrA.jpg",
               "first_air_date":"1971-04-03",
               "genre_ids":[
                  10759,
                  10765,
                  10762,
                  18,
                  9648
               ],
               "id":2661,
               "media_type":"tv",
               "name":"Kamen Rider",
               "origin_country":[
                  "JP"
               ],
               "original_language":"ja",
               "original_name":"仮面ライダ",
               "overview":"A Japanese anthology series centered around motorcycle-riding cybernetically-enhanced superheroes.",
               "poster_path":"/fIJNVBa6MJStPiOvhLV69nAdu0e.jpg",
               "vote_average":5.9,
               "vote_count":62
            },
            {
               "adult":false,
               "backdrop_path":"/1pIP0BLDFSTpxcX2v2V1TNNs9Gl.jpg",
               "genre_ids":[
                  14,
                  18
               ],
               "id":526384,
               "media_type":"movie",
               "original_language":"ja",
               "original_title":"コーヒーが冷めないうちに",
               "overview":"Kazu works at “Funiculi Funicula\" cafe. There is a mysterious rumour that if a customer takes a specific seat at the cafe, that customer can travel back to a time of their choice.",
               "poster_path":"/5MbRPfsRPyKIQnpLgIpBzksiuM1.jpg",
               "release_date":"2018-09-21",
               "title":"Cafe Funiculi Funicula",
               "video":false,
               "vote_average":6.6,
               "vote_count":22
            },
            {
               "adult":false,
               "backdrop_path":"/7AgN5XOz8XSkOwBWyleQmZEolDB.jpg",
               "genre_ids":[
                  18,
                  10749,
                  53
               ],
               "id":572628,
               "media_type":"movie",
               "original_language":"ja",
               "original_title":"惡の華",
               "overview":"A high school student steals the panties of a girl he likes and gets witnessed, which sets off a chain of events that send his life and the lives of others around him out of control.",
               "poster_path":"/52pOQ52IeQRA2tI3cEZ12Se4GKh.jpg",
               "release_date":"2019-09-27",
               "title":"The Flowers of Evil",
               "video":false,
               "vote_average":6.9,
               "vote_count":20
            }
         ],
         "known_for_department":"Acting",
         "name":"Wakana Matsumoto",
         "popularity":56.987,
         "profile_path":"/6m2P0IecjwOC3ceqs1ligcIOQG2.jpg"
      },
      {
         "adult":false,
         "gender":1,
         "id":56734,
         "known_for":[
            {
               "adult":false,
               "backdrop_path":"/zvRsjPHJDoJhhNdmYkFJqCdqmyr.jpg",
               "genre_ids":[
                  28,
                  80
               ],
               "id":23483,
               "media_type":"movie",
               "original_language":"en",
               "original_title":"Kick-Ass",
               "overview":"Dave Lizewski is an unnoticed high school student and comic book fan who one day decides to become a super-hero, even though he has no powers, training or meaningful reason to do so.",
               "poster_path":"/8citjdBmjddZjlPsAHEyCKwGVvD.jpg",
               "release_date":"2010-03-22",
               "title":"Kick-Ass",
               "video":false,
               "vote_average":7.1,
               "vote_count":9946
            },
            {
               "adult":false,
               "backdrop_path":"/etBZfuOie3uODTKTV5xnbAKB4Fr.jpg",
               "genre_ids":[
                  35,
                  18,
                  10749
               ],
               "id":19913,
               "media_type":"movie",
               "original_language":"en",
               "original_title":"(500) Days of Summer",
               "overview":"Tom, greeting-card writer and hopeless romantic, is caught completely off-guard when his girlfriend, Summer, suddenly dumps him. He reflects on their 500 days together to try to figure out where their love affair went sour, and in doing so, Tom rediscovers his true passions in life.",
               "poster_path":"/f9mbM0YMLpYemcWx6o2WeiYQLDP.jpg",
               "release_date":"2009-07-17",
               "title":"(500) Days of Summer",
               "video":false,
               "vote_average":7.3,
               "vote_count":8179
            },
            {
               "adult":false,
               "backdrop_path":"/gIjKKa0F4DOTub2CH8TwLe4tPOf.jpg",
               "genre_ids":[
                  53,
                  28,
                  80
               ],
               "id":156022,
               "media_type":"movie",
               "original_language":"en",
               "original_title":"The Equalizer",
               "overview":"McCall believes he has put his mysterious past behind him and dedicated himself to beginning a new, quiet life. But when he meets Teri, a young girl under the control of ultra-violent Russian gangsters, he can’t stand idly by – he has to help her. Armed with hidden skills that allow him to serve vengeance against anyone who would brutalize the helpless, McCall comes out of his self-imposed retirement and finds his desire for justice reawakened. If someone has a problem, if the odds are stacked against them, if they have nowhere else to turn, McCall will help. He is The Equalizer.",
               "poster_path":"/9u4yW7yPA0BQ2pv9XwiNzItwvp8.jpg",
               "release_date":"2014-09-24",
               "title":"The Equalizer",
               "video":false,
               "vote_average":7.2,
               "vote_count":7085
            }
         ],
         "known_for_department":"Acting",
         "name":"Chloë Grace Moretz",
         "popularity":52.919,
         "profile_path":"/yq4rYmaTRC5degaOYmJQFpaiho1.jpg"
      },
      {
         "adult":false,
         "gender":1,
         "id":505710,
         "known_for":[
            {
               "adult":false,
               "backdrop_path":"/tTlAA0REGPXSZPBfWyTW9ipIv1I.jpg",
               "genre_ids":[
                  28,
                  12,
                  878,
                  18
               ],
               "id":315635,
               "media_type":"movie",
               "original_language":"en",
               "original_title":"Spider-Man: Homecoming",
               "overview":"Following the events of Captain America: Civil War, Peter Parker, with the help of his mentor Tony Stark, tries to balance his life as an ordinary high school student in Queens, New York City, with fighting crime as his superhero alter ego Spider-Man as a new threat, the Vulture, emerges.",
               "poster_path":"/c24sv2weTHPsmDa7jEMN0m2P3RT.jpg",
               "release_date":"2017-07-05",
               "title":"Spider-Man: Homecoming",
               "video":false,
               "vote_average":7.4,
               "vote_count":18133
            },
            {
               "adult":false,
               "backdrop_path":"/vamhMTvh9m9zFHDoR0v1nRtf6T4.jpg",
               "genre_ids":[
                  28,
                  12,
                  878
               ],
               "id":429617,
               "media_type":"movie",
               "original_language":"en",
               "original_title":"Spider-Man: Far From Home",
               "overview":"Peter Parker and his friends go on a summer trip to Europe. However, they will hardly be able to rest - Peter will have to agree to help Nick Fury uncover the mystery of creatures that cause natural disasters and destruction throughout the continent.",
               "poster_path":"/4q2NNj4S5dG2RLF9CpXsej7yXl.jpg",
               "release_date":"2019-06-28",
               "title":"Spider-Man: Far From Home",
               "video":false,
               "vote_average":7.5,
               "vote_count":12138
            },
            {
               "adult":false,
               "backdrop_path":"/iQFcwSGbZXMkeyKrxbPnwnRo5fl.jpg",
               "genre_ids":[
                  28,
                  12,
                  878
               ],
               "id":634649,
               "media_type":"movie",
               "original_language":"en",
               "original_title":"Spider-Man: No Way Home",
               "overview":"Peter Parker is unmasked and no longer able to separate his normal life from the high-stakes of being a super-hero. When he asks for help from Doctor Strange the stakes become even more dangerous, forcing him to discover what it truly means to be Spider-Man.",
               "poster_path":"/1g0dhYtq4irTY1GPXvft6k4YLjm.jpg",
               "release_date":"2021-12-15",
               "title":"Spider-Man: No Way Home",
               "video":false,
               "vote_average":8.3,
               "vote_count":8613
            }
         ],
         "known_for_department":"Acting",
         "name":"Zendaya",
         "popularity":58.65,
         "profile_path":"/so3GqzuvXbYkNzQYNliAMB5rZzT.jpg"
      },
      {
         "adult":false,
         "gender":2,
         "id":6384,
         "known_for":[
            {
               "adult":false,
               "backdrop_path":"/ncEsesgOJDNrTUED89hYbA117wo.jpg",
               "genre_ids":[
                  28,
                  878
               ],
               "id":603,
               "media_type":"movie",
               "original_language":"en",
               "original_title":"The Matrix",
               "overview":"Set in the 22nd century, The Matrix tells the story of a computer hacker who joins a group of underground insurgents fighting the vast and powerful computers who now rule the earth.",
               "poster_path":"/f89U3ADr1oiB1s9GkdPOEpXUk5H.jpg",
               "release_date":"1999-03-30",
               "title":"The Matrix",
               "video":false,
               "vote_average":8.2,
               "vote_count":21131
            },
            {
               "adult":false,
               "backdrop_path":"/7dzngS8pLkGJpyeskCFcjPO9qLF.jpg",
               "genre_ids":[
                  28,
                  53
               ],
               "id":245891,
               "media_type":"movie",
               "original_language":"en",
               "original_title":"John Wick",
               "overview":"Ex-hitman John Wick comes out of retirement to track down the gangsters that took everything from him.",
               "poster_path":"/fZPSd91yGE9fCcCe6OoQr6E3Bev.jpg",
               "release_date":"2014-10-22",
               "title":"John Wick",
               "video":false,
               "vote_average":7.4,
               "vote_count":15383
            },
            {
               "adult":false,
               "backdrop_path":"/r17jFHAemzcWPPtoO0UxjIX0xas.jpg",
               "genre_ids":[
                  53,
                  28,
                  80
               ],
               "id":324552,
               "media_type":"movie",
               "original_language":"en",
               "original_title":"John Wick: Chapter 2",
               "overview":"John Wick is forced out of retirement by a former associate looking to seize control of a shadowy international assassins’ guild. Bound by a blood oath to aid him, Wick travels to Rome and does battle against some of the world’s most dangerous killers.",
               "poster_path":"/kL99FVq572hNPfMyfQCT7tGFNeQ.jpg",
               "release_date":"2017-02-08",
               "title":"John Wick: Chapter 2",
               "video":false,
               "vote_average":7.3,
               "vote_count":9955
            }
         ],
         "known_for_department":"Acting",
         "name":"Keanu Reeves",
         "popularity":56.911,
         "profile_path":"/4D0PpNI0kmP58hgrwGC3wCjxhnm.jpg"
      },
      {
         "adult":false,
         "gender":2,
         "id":6614,
         "known_for":[
            {
               "adult":false,
               "backdrop_path":"/bpV8wn48s82au37QyUJ51S7X2Vf.jpg",
               "genre_ids":[
                  18
               ],
               "id":489,
               "media_type":"movie",
               "original_language":"en",
               "original_title":"Good Will Hunting",
               "overview":"Will Hunting has a genius-level IQ but chooses to work as a janitor at MIT. When he solves a difficult graduate-level math problem, his talents are discovered by Professor Gerald Lambeau, who decides to help the misguided youth reach his potential. When Will is arrested for attacking a police officer, Professor Lambeau makes a deal to get leniency for him if he will get treatment from therapist Sean Maguire.",
               "poster_path":"/bABCBKYBK7A5G1x0FzoeoNfuj2.jpg",
               "release_date":"1997-12-05",
               "title":"Good Will Hunting",
               "video":false,
               "vote_average":8.1,
               "vote_count":9371
            },
            {
               "adult":false,
               "backdrop_path":"/z3ioibdjWZOYeXjoiabFOFOfPI3.jpg",
               "genre_ids":[
                  28,
                  80,
                  53
               ],
               "id":584,
               "media_type":"movie",
               "original_language":"en",
               "original_title":"2 Fast 2 Furious",
               "overview":"It's a major double-cross when former police officer Brian O'Conner teams up with his ex-con buddy Roman Pearce to transport a shipment of \"dirty\" money for shady Miami-based import-export dealer Carter Verone. But the guys are actually working with undercover agent Monica Fuentes to bring Verone down.",
               "poster_path":"/qC167IbZpSrwX7wWgg3BeDQbTDr.jpg",
               "release_date":"2003-06-05",
               "title":"2 Fast 2 Furious",
               "video":false,
               "vote_average":6.4,
               "vote_count":5791
            },
            {
               "adult":false,
               "backdrop_path":"/4a9mqE8Ah2y1hK6Bn63YGCux59I.jpg",
               "genre_ids":[
                  28,
                  53
               ],
               "id":117263,
               "media_type":"movie",
               "original_language":"en",
               "original_title":"Olympus Has Fallen",
               "overview":"When the White House (Secret Service Code: \"Olympus\") is captured by a terrorist mastermind and the President is kidnapped, disgraced former Presidential guard Mike Banning finds himself trapped within the building. As the national security team scrambles to respond, they are forced to rely on Banning's inside knowledge to help retake the White House, save the President and avert an even bigger disaster.",
               "poster_path":"/gKnx04MxnKcf5uOdhHhAAkqcCg.jpg",
               "release_date":"2013-03-20",
               "title":"Olympus Has Fallen",
               "video":false,
               "vote_average":6.4,
               "vote_count":5594
            }
         ],
         "known_for_department":"Acting",
         "name":"Cole Hauser",
         "popularity":53.109,
         "profile_path":"/kJyUtNZREd7mes21OrWiCtOugPL.jpg"
      },
      {
         "adult":false,
         "gender":1,
         "id":10990,
         "known_for":[
            {
               "adult":false,
               "backdrop_path":"/5jkE2SzR5uR2egEb1rRhF22JyWN.jpg",
               "genre_ids":[
                  12,
                  14
               ],
               "id":671,
               "media_type":"movie",
               "original_language":"en",
               "original_title":"Harry Potter and the Philosopher's Stone",
               "overview":"Harry Potter has lived under the stairs at his aunt and uncle's house his whole life. But on his 11th birthday, he learns he's a powerful wizard—with a place waiting for him at the Hogwarts School of Witchcraft and Wizardry. As he learns to harness his newfound powers with the help of the school's kindly headmaster, Harry uncovers the truth about his parents' deaths—and about the villain who's to blame.",
               "poster_path":"/wuMc08IPKEatf9rnMNXvIDxqP4W.jpg",
               "release_date":"2001-11-16",
               "title":"Harry Potter and the Philosopher's Stone",
               "video":false,
               "vote_average":7.9,
               "vote_count":22162
            },
            {
               "adult":false,
               "backdrop_path":"/1stUIsjawROZxjiCMtqqXqgfZWC.jpg",
               "genre_ids":[
                  12,
                  14
               ],
               "id":672,
               "media_type":"movie",
               "original_language":"en",
               "original_title":"Harry Potter and the Chamber of Secrets",
               "overview":"Cars fly, trees fight back, and a mysterious house-elf comes to warn Harry Potter at the start of his second year at Hogwarts. Adventure and danger await when bloody writing on a wall announces: The Chamber Of Secrets Has Been Opened. To save Hogwarts will require all of Harry, Ron and Hermione’s magical abilities and courage.",
               "poster_path":"/sdEOH0992YZ0QSxgXNIGLq1ToUi.jpg",
               "release_date":"2002-11-13",
               "title":"Harry Potter and the Chamber of Secrets",
               "video":false,
               "vote_average":7.7,
               "vote_count":17863
            },
            {
               "adult":false,
               "backdrop_path":"/vbk5CfaAHOjQPSAcYm6AoRRz2Af.jpg",
               "genre_ids":[
                  12,
                  14
               ],
               "id":673,
               "media_type":"movie",
               "original_language":"en",
               "original_title":"Harry Potter and the Prisoner of Azkaban",
               "overview":"Year three at Hogwarts means new fun and challenges as Harry learns the delicate art of approaching a Hippogriff, transforming shape-shifting Boggarts into hilarity and even turning back time. But the term also brings danger: soul-sucking Dementors hover over the school, an ally of the accursed He-Who-Cannot-Be-Named lurks within the castle walls, and fearsome wizard Sirius Black escapes Azkaban. And Harry will confront them all.",
               "poster_path":"/aWxwnYoe8p2d2fcxOqtvAtJ72Rw.jpg",
               "release_date":"2004-05-31",
               "title":"Harry Potter and the Prisoner of Azkaban",
               "video":false,
               "vote_average":8,
               "vote_count":17567
            }
         ],
         "known_for_department":"Acting",
         "name":"Emma Watson",
         "popularity":41.385,
         "profile_path":"/tvPPRGzAzdQFhlKzLbMO1EpuTJI.jpg"
      },
      {
         "adult":false,
         "gender":2,
         "id":2524,
         "known_for":[
            {
               "adult":false,
               "backdrop_path":"/s3TBrRGB1iav7gFOCNx3H31MoES.jpg",
               "genre_ids":[
                  28,
                  878,
                  12
               ],
               "id":27205,
               "media_type":"movie",
               "original_language":"en",
               "original_title":"Inception",
               "overview":"Cobb, a skilled thief who commits corporate espionage by infiltrating the subconscious of his targets is offered a chance to regain his old life as payment for a task considered to be impossible: \"inception\", the implantation of another person's idea into a target's subconscious.",
               "poster_path":"/edv5CZvWj09upOsy2Y6IwDhK8bt.jpg",
               "release_date":"2010-07-15",
               "title":"Inception",
               "video":false,
               "vote_average":8.4,
               "vote_count":31031
            },
            {
               "adult":false,
               "backdrop_path":"/8p1btPA5ME6OsfAmL3bcf7P2yoP.jpg",
               "genre_ids":[
                  28,
                  80,
                  18,
                  53
               ],
               "id":49026,
               "media_type":"movie",
               "original_language":"en",
               "original_title":"The Dark Knight Rises",
               "overview":"Following the death of District Attorney Harvey Dent, Batman assumes responsibility for Dent's crimes to protect the late attorney's reputation and is subsequently hunted by the Gotham City Police Department. Eight years later, Batman encounters the mysterious Selina Kyle and the villainous Bane, a new terrorist leader who overwhelms Gotham's finest. The Dark Knight resurfaces to protect a city that has branded him an enemy.",
               "poster_path":"/85cWkCVftiVs0BVey6pxX8uNmLt.jpg",
               "release_date":"2012-07-16",
               "title":"The Dark Knight Rises",
               "video":false,
               "vote_average":7.8,
               "vote_count":19078
            },
            {
               "adult":false,
               "backdrop_path":"/nlCHUWjY9XWbuEUQauCBgnY8ymF.jpg",
               "genre_ids":[
                  28,
                  12,
                  878
               ],
               "id":76341,
               "media_type":"movie",
               "original_language":"en",
               "original_title":"Mad Max: Fury Road",
               "overview":"An apocalyptic story set in the furthest reaches of our planet, in a stark desert landscape where humanity is broken, and most everyone is crazed fighting for the necessities of life. Within this world exist two rebels on the run who just might be able to restore order.",
               "poster_path":"/8tZYtuWezp8JbcsvHYO0O46tFbo.jpg",
               "release_date":"2015-05-13",
               "title":"Mad Max: Fury Road",
               "video":false,
               "vote_average":7.5,
               "vote_count":19062
            }
         ],
         "known_for_department":"Acting",
         "name":"Tom Hardy",
         "popularity":40.104,
         "profile_path":"/sGMA6pA2D6X0gun49igJT3piHs3.jpg"
      },
      {
         "adult":false,
         "gender":2,
         "id":17142,
         "known_for":[
            {
               "adult":false,
               "backdrop_path":"/umUyVxJ4HeNebLMAcScdhF0QB3h.jpg",
               "genre_ids":[
                  18,
                  36
               ],
               "id":76203,
               "media_type":"movie",
               "original_language":"en",
               "original_title":"12 Years a Slave",
               "overview":"In the pre-Civil War United States, Solomon Northup, a free black man from upstate New York, is abducted and sold into slavery. Facing cruelty as well as unexpected kindnesses Solomon struggles not only to stay alive, but to retain his dignity. In the twelfth year of his unforgettable odyssey, Solomon’s chance meeting with a Canadian abolitionist will forever alter his life.",
               "poster_path":"/xdANQijuNrJaw1HA61rDccME4Tm.jpg",
               "release_date":"2013-10-18",
               "title":"12 Years a Slave",
               "video":false,
               "vote_average":7.9,
               "vote_count":9518
            },
            {
               "adult":false,
               "backdrop_path":"/tlK9mWLquPawoHT9jIWe9WGANKx.jpg",
               "genre_ids":[
                  18,
                  53,
                  80
               ],
               "id":146233,
               "media_type":"movie",
               "original_language":"en",
               "original_title":"Prisoners",
               "overview":"Keller Dover faces a parent's worst nightmare when his 6-year-old daughter, Anna, and her friend go missing. The only lead is an old motorhome that had been parked on their street. The head of the investigation, Detective Loki, arrests the driver, but a lack of evidence forces Loki to release his only suspect. Dover, knowing that his daughter's life is at stake, decides that he has no choice but to take matters into his own hands.",
               "poster_path":"/tuZhZ6biFMr5n9YSVuHOJnNL1uU.jpg",
               "release_date":"2013-09-18",
               "title":"Prisoners",
               "video":false,
               "vote_average":8,
               "vote_count":8973
            },
            {
               "adult":false,
               "backdrop_path":"/4bAwGmE9Sl4FeXoHWVWLXkURHbe.jpg",
               "genre_ids":[
                  28,
                  53,
                  878
               ],
               "id":59967,
               "media_type":"movie",
               "original_language":"en",
               "original_title":"Looper",
               "overview":"In the futuristic action thriller Looper, time travel will be invented but it will be illegal and only available on the black market. When the mob wants to get rid of someone, they will send their target 30 years into the past where a looper, a hired gun, like Joe is waiting to mop up. Joe is getting rich and life is good until the day the mob decides to close the loop, sending back Joe's future self for assassination.",
               "poster_path":"/sNjL6SqErDBE8OUZlrDLkexfsCj.jpg",
               "release_date":"2012-09-26",
               "title":"Looper",
               "video":false,
               "vote_average":6.9,
               "vote_count":8743
            }
         ],
         "known_for_department":"Acting",
         "name":"Paul Dano",
         "popularity":76.061,
         "profile_path":"/tHsaqfauzG4MuFs5oCbq0pRy5EF.jpg"
      },
      {
         "adult":false,
         "gender":1,
         "id":1318650,
         "known_for":[
            {
               "backdrop_path":"/cD9PxbrdWYgL7MUpD9eOYuiSe2P.jpg",
               "first_air_date":"1999-09-20",
               "genre_ids":[
                  80,
                  18
               ],
               "id":2734,
               "media_type":"tv",
               "name":"Law & Order: Special Victims Unit",
               "origin_country":[
                  "US"
               ],
               "original_language":"en",
               "original_name":"Law & Order: Special Victims Unit",
               "overview":"In the criminal justice system, sexually-based offenses are considered especially heinous. In New York City, the dedicated detectives who investigate these vicious felonies are members of an elite squad known as the Special Victims Unit. These are their stories.",
               "poster_path":"/ywBt4WKADdMVgxTR1rS2uFwMYTH.jpg",
               "vote_average":7.9,
               "vote_count":2771
            },
            {
               "backdrop_path":"/A9lC7Mn3D6alhO4rkuatdW8oCWy.jpg",
               "first_air_date":"2014-09-22",
               "genre_ids":[
                  18,
                  80,
                  10765
               ],
               "id":60708,
               "media_type":"tv",
               "name":"Gotham",
               "origin_country":[
                  "US"
               ],
               "original_language":"en",
               "original_name":"Gotham",
               "overview":"Everyone knows the name Commissioner Gordon. He is one of the crime world's greatest foes, a man whose reputation is synonymous with law and order. But what is known of Gordon's story and his rise from rookie detective to Police Commissioner? What did it take to navigate the multiple layers of corruption that secretly ruled Gotham City, the spawning ground of the world's most iconic villains? And what circumstances created them – the larger-than-life personas who would become Catwoman, The Penguin, The Riddler, Two-Face and The Joker?",
               "poster_path":"/4XddcRDtnNjYmLRMYpbrhFxsbuq.jpg",
               "vote_average":7.6,
               "vote_count":2632
            },
            {
               "backdrop_path":"/94ReoTWIiMYcdiW9w17CIWeoaYM.jpg",
               "first_air_date":"2015-06-30",
               "genre_ids":[
                  18,
                  80,
                  9648
               ],
               "id":62823,
               "media_type":"tv",
               "name":"Scream: The TV Series",
               "origin_country":[
                  "US"
               ],
               "original_language":"en",
               "original_name":"Scream: The TV Series",
               "overview":"What starts as a YouTube video going viral, soon leads to problems for the teenagers of Lakewood and serves as the catalyst for a murder that opens up a window to the town's troubled past. Everyone has secrets. Everyone tells lies. Everyone is fair game.",
               "poster_path":"/cb2WD75HjajBmFtPzfU5ukGqfeo.jpg",
               "vote_average":6.9,
               "vote_count":824
            }
         ],
         "known_for_department":"Acting",
         "name":"Willa Fitzgerald",
         "popularity":46.695,
         "profile_path":"/l2xGZi2091DxdCSNEu9xbJ0XRYK.jpg"
      },
      {
         "adult":false,
         "gender":1,
         "id":821,
         "known_for":[
            {
               "adult":false,
               "backdrop_path":"/9LSsSPbP715XT9B7acIZzantPyX.jpg",
               "genre_ids":[
                  18
               ],
               "id":73,
               "media_type":"movie",
               "original_language":"en",
               "original_title":"American History X",
               "overview":"Derek Vineyard is paroled after serving 3 years in prison for killing two African-American men. Through his brother, Danny Vineyard's narration, we learn that before going to prison, Derek was a skinhead and the leader of a violent white supremacist gang that committed acts of racial crime throughout L.A. and his actions greatly influenced Danny. Reformed and fresh out of prison, Derek severs contact with the gang and becomes determined to keep Danny from going down the same violent path as he did.",
               "poster_path":"/c2gsmSQ2Cqv8zosqKOCwRS0GFBS.jpg",
               "release_date":"1998-07-01",
               "title":"American History X",
               "video":false,
               "vote_average":8.4,
               "vote_count":9384
            },
            {
               "backdrop_path":"/hpU2cHC9tk90hswCFEpf5AtbqoL.jpg",
               "first_air_date":"1989-12-17",
               "genre_ids":[
                  10751,
                  16,
                  35
               ],
               "id":456,
               "media_type":"tv",
               "name":"The Simpsons",
               "origin_country":[
                  "US"
               ],
               "original_language":"en",
               "original_name":"The Simpsons",
               "overview":"Set in Springfield, the average American town, the show focuses on the antics and everyday adventures of the Simpson family; Homer, Marge, Bart, Lisa and Maggie, as well as a virtual cast of thousands. Since the beginning, the series has been a pop culture icon, attracting hundreds of celebrities to guest star. The show has also made name for itself in its fearless satirical take on politics, media and American life in general.",
               "poster_path":"/tubgEpjTUA7t0kejVMBsNBZDarZ.jpg",
               "vote_average":7.9,
               "vote_count":7634
            },
            {
               "adult":false,
               "backdrop_path":"/m11t1czEL6edHkkCskWHaEh8xjY.jpg",
               "genre_ids":[
                  35,
                  18,
                  10749
               ],
               "id":703,
               "media_type":"movie",
               "original_language":"en",
               "original_title":"Annie Hall",
               "overview":"New York comedian Alvy Singer falls in love with the ditsy Annie Hall.",
               "poster_path":"/gBo4G0p8iVS998aYvXS656jbsH2.jpg",
               "release_date":"1977-04-19",
               "title":"Annie Hall",
               "video":false,
               "vote_average":7.8,
               "vote_count":3151
            }
         ],
         "known_for_department":"Acting",
         "name":"Beverly D'Angelo",
         "popularity":43.068,
         "profile_path":"/8fYQIA8dAaA4GOTxOFSKIvTqzi.jpg"
      },
      {
         "adult":false,
         "gender":1,
         "id":26723,
         "known_for":[
            {
               "adult":false,
               "backdrop_path":"/z6eMgnSt6VA0Gf9dirjpkBPu0uS.jpg",
               "genre_ids":[
                  35,
                  10749
               ],
               "id":1824,
               "media_type":"movie",
               "original_language":"en",
               "original_title":"50 First Dates",
               "overview":"Henry is a player skilled at seducing women. But when this veterinarian meets Lucy, a girl with a quirky problem when it comes to total recall, he realizes it's possible to fall in love all over again…and again, and again. That's because the delightful Lucy has no short-term memory, so Henry must woo her day after day until he finally sweeps her off her feet.",
               "poster_path":"/zm9dfA5iwq4vGopD86WPoHXO40T.jpg",
               "release_date":"2004-02-13",
               "title":"50 First Dates",
               "video":false,
               "vote_average":6.8,
               "vote_count":5938
            },
            {
               "backdrop_path":"/lHe8iwM4Cdm6RSEiara4PN8ZcBd.jpg",
               "first_air_date":"2013-03-03",
               "genre_ids":[
                  10759,
                  18,
                  10768
               ],
               "id":44217,
               "media_type":"tv",
               "name":"Vikings",
               "origin_country":[
                  "CA"
               ],
               "original_language":"en",
               "original_name":"Vikings",
               "overview":"The adventures of Ragnar Lothbrok, the greatest hero of his age. The series tells the sagas of Ragnar's band of Viking brothers and his family, as he rises to become King of the Viking tribes. As well as being a fearless warrior, Ragnar embodies the Norse traditions of devotion to the gods. Legend has it that he was a direct descendant of Odin, the god of war and warriors.",
               "poster_path":"/bQLrHIRNEkE3PdIWQrZHynQZazu.jpg",
               "vote_average":8.1,
               "vote_count":5223
            },
            {
               "adult":false,
               "backdrop_path":"/pVVobDO8cezhVPvwD6EBUN0g3mt.jpg",
               "genre_ids":[
                  14,
                  28,
                  878,
                  12
               ],
               "id":353491,
               "media_type":"movie",
               "original_language":"en",
               "original_title":"The Dark Tower",
               "overview":"A boy haunted by visions of a parallel world aids its disillusioned guardian in preventing the destruction of the nexus of universes known as the Dark Tower.",
               "poster_path":"/i9GUSgddIqrroubiLsvvMRYyRy0.jpg",
               "release_date":"2017-08-03",
               "title":"The Dark Tower",
               "video":false,
               "vote_average":5.7,
               "vote_count":4231
            }
         ],
         "known_for_department":"Acting",
         "name":"Katheryn Winnick",
         "popularity":41.771,
         "profile_path":"/vQSqH3ybDWZHZIqX4NZKhOCXAhQ.jpg"
      },
      {
         "adult":false,
         "gender":1,
         "id":71070,
         "known_for":[
            {
               "adult":false,
               "backdrop_path":"/kx2YVkcsnTnmF9XGTAj2NqEcHFG.jpg",
               "genre_ids":[
                  28,
                  53,
                  878
               ],
               "id":49530,
               "media_type":"movie",
               "original_language":"en",
               "original_title":"In Time",
               "overview":"In the not-too-distant future the aging gene has been switched off. To avoid overpopulation, time has become the currency and the way people pay for luxuries and necessities. The rich can live forever, while the rest try to negotiate for their immortality. A poor young man who comes into a fortune of time, though too late to help his mother from dying. He ends up on the run from a corrupt police force known as 'time keepers'.",
               "poster_path":"/3Mwj2sIONQckOZP3YwsUXF7U5I4.jpg",
               "release_date":"2011-10-27",
               "title":"In Time",
               "video":false,
               "vote_average":6.9,
               "vote_count":9342
            },
            {
               "adult":false,
               "backdrop_path":"/3PiKtDl1s0tGHmqRjnWZbBVgEEr.jpg",
               "genre_ids":[
                  35
               ],
               "id":10625,
               "media_type":"movie",
               "original_language":"en",
               "original_title":"Mean Girls",
               "overview":"Cady Heron is a hit with The Plastics, the A-list girl clique at her new school, until she makes the mistake of falling for Aaron Samuels, the ex-boyfriend of alpha Plastic Regina George.",
               "poster_path":"/fXm3YKXAEjx7d2tIWDg9TfRZtsU.jpg",
               "release_date":"2004-04-30",
               "title":"Mean Girls",
               "video":false,
               "vote_average":7.2,
               "vote_count":7057
            },
            {
               "adult":false,
               "backdrop_path":"/kjOKnYJakcZ0sApcgcW3hBR8WPu.jpg",
               "genre_ids":[
                  35
               ],
               "id":214756,
               "media_type":"movie",
               "original_language":"en",
               "original_title":"Ted 2",
               "overview":"Newlywed couple Ted and Tami-Lynn want to have a baby, but in order to qualify to be a parent, Ted will have to prove he's a person in a court of law.",
               "poster_path":"/qMOt0uy1x49OBW0jzodgRM9waW0.jpg",
               "release_date":"2015-06-25",
               "title":"Ted 2",
               "video":false,
               "vote_average":6.3,
               "vote_count":6060
            }
         ],
         "known_for_department":"Acting",
         "name":"Amanda Seyfried",
         "popularity":77.221,
         "profile_path":"/gtBUIpZ3dvLpOMIVORxE6sHSyZj.jpg"
      },
      {
         "adult":false,
         "gender":1,
         "id":130640,
         "known_for":[
            {
               "adult":false,
               "backdrop_path":"/x2IqsMlpbOhS8zIUJfyl1yO4gHF.jpg",
               "genre_ids":[
                  28,
                  12,
                  16,
                  878
               ],
               "id":324857,
               "media_type":"movie",
               "original_language":"en",
               "original_title":"Spider-Man: Into the Spider-Verse",
               "overview":"Miles Morales is juggling his life between being a high school student and being a spider-man. When Wilson \"Kingpin\" Fisk uses a super collider, others from across the Spider-Verse are transported to this dimension.",
               "poster_path":"/iiZZdoQBEYBv6id8su7ImL0oCbD.jpg",
               "release_date":"2018-12-06",
               "title":"Spider-Man: Into the Spider-Verse",
               "video":false,
               "vote_average":8.4,
               "vote_count":10908
            },
            {
               "adult":false,
               "backdrop_path":"/qGqlWb5izTPtFngBWdbJAEmninR.jpg",
               "genre_ids":[
                  878,
                  28,
                  12
               ],
               "id":80274,
               "media_type":"movie",
               "original_language":"en",
               "original_title":"Ender's Game",
               "overview":"Based on the classic novel by Orson Scott Card, Ender's Game is the story of the Earth's most gifted children training to defend their homeplanet in the space wars of the future.",
               "poster_path":"/tBgkQqrO2RMgGQR6zod3bSjcPWx.jpg",
               "release_date":"2013-10-24",
               "title":"Ender's Game",
               "video":false,
               "vote_average":6.6,
               "vote_count":4857
            },
            {
               "adult":false,
               "backdrop_path":"/17nDJQsGVim6oows2TlN98UacbO.jpg",
               "genre_ids":[
                  28,
                  12,
                  878
               ],
               "id":424783,
               "media_type":"movie",
               "original_language":"en",
               "original_title":"Bumblebee",
               "overview":"On the run in the year 1987, Bumblebee finds refuge in a junkyard in a small Californian beach town. Charlie, on the cusp of turning 18 and trying to find her place in the world, discovers Bumblebee, battle-scarred and broken.  When Charlie revives him, she quickly learns this is no ordinary yellow VW bug.",
               "poster_path":"/fw02ONlDhrYjTSZV8XO6hhU3ds3.jpg",
               "release_date":"2018-12-15",
               "title":"Bumblebee",
               "video":false,
               "vote_average":6.7,
               "vote_count":4848
            }
         ],
         "known_for_department":"Acting",
         "name":"Hailee Steinfeld",
         "popularity":52.914,
         "profile_path":"/q4UpZMEuvNCN5lL5L6xa3ICpheJ.jpg"
      }
   ],
   "total_pages":500,
   "total_results":10000
}
