
{
   "adult":false,
   "backdrop_path":"/iQFcwSGbZXMkeyKrxbPnwnRo5fl.jpg",
   "belongs_to_collection":{
      "id":531241,
      "name":"Spider-Man (Vengadores) - Colección",
      "poster_path":"/2E7Jukg8JvyJgKlql7UIWqVwOMU.jpg",
      "backdrop_path":"/AvnqpRwlEaYNVL6wzC4RN94EdSd.jpg"
   },
   "budget":200000000,
   "genres":[
      {
         "id":28,
         "name":"Acción"
      },
      {
         "id":12,
         "name":"Aventura"
      },
      {
         "id":878,
         "name":"Ciencia ficción"
      }
   ],
   "homepage":"https://www.sonypictures.es/peliculas/spider-man-no-way-home",
   "id":634649,
   "imdb_id":"tt10872600",
   "original_language":"en",
   "original_title":"Spider-Man: No Way Home",
   "overview":"Peter Parker es desenmascarado y por tanto no es capaz de separar su vida normal de los enormes riesgos que conlleva ser un súper héroe. Cuando pide ayuda a Doctor Strange, los riesgos pasan a ser aún más peligrosos, obligándole a descubrir lo que realmente significa ser Spider-Man.",
   "popularity":3933.964,
   "poster_path":"/osYbtvqjMUhEXgkuFJOsRYVpq6N.jpg",
   "production_companies":[
      {
         "id":420,
         "logo_path":"/hUzeosd33nzE5MCNsZxCGEKTXaQ.png",
         "name":"Marvel Studios",
         "origin_country":"US"
      },
      {
         "id":84041,
         "logo_path":"/nw4kyc29QRpNtFbdsBHkRSFavvt.png",
         "name":"Pascal Pictures",
         "origin_country":"US"
      },
      {
         "id":5,
         "logo_path":"/71BqEFAF4V3qjjMPCpLuyJFB9A.png",
         "name":"Columbia Pictures",
         "origin_country":"US"
      }
   ],
   "production_countries":[
      {
         "iso_3166_1":"US",
         "name":"United States of America"
      }
   ],
   "release_date":"2021-12-15",
   "revenue":1892000000,
   "runtime":148,
   "spoken_languages":[
      {
         "english_name":"English",
         "iso_639_1":"en",
         "name":"English"
      },
      {
         "english_name":"Tagalog",
         "iso_639_1":"tl",
         "name":""
      }
   ],
   "status":"Released",
   "tagline":"Un gran poder conlleva una gran responsabilidad.",
   "title":"Spider-Man: No Way Home",
   "video":false,
   "vote_average":8.1,
   "vote_count":12620,
   "videos":{
      "results":[
         {
            "iso_639_1":"es",
            "iso_3166_1":"ES",
            "name":"Spider-Man: No Way Home | Teaser Tráiler Oficial en español | HD",
            "key":"Df00ZNYEcAY",
            "site":"YouTube",
            "size":1080,
            "type":"Trailer",
            "official":true,
            "published_at":"2021-08-24T11:25:05.000Z",
            "id":"61277a21e8a3e10043f1672e"
         }
      ]
   },
   "credits":{
      "cast":[
         {
            "adult":false,
            "gender":2,
            "id":1136406,
            "known_for_department":"Acting",
            "name":"Tom Holland",
            "original_name":"Tom Holland",
            "popularity":106.237,
            "profile_path":"/bBRlrpJm9XkNSg0YT5LCaxqoFMX.jpg",
            "cast_id":1,
            "character":"Peter Parker / Spider-Man",
            "credit_id":"5d8e28d38289a0000fcc32f9",
            "order":0
         },
         {
            "adult":false,
            "gender":1,
            "id":505710,
            "known_for_department":"Acting",
            "name":"Zendaya",
            "original_name":"Zendaya",
            "popularity":25.585,
            "profile_path":"/6TE2AlOUqcrs7CyJiWYgodmee1r.jpg",
            "cast_id":54,
            "character":"Michelle 'MJ' Jones",
            "credit_id":"5fd968c09408ec003cdd0557",
            "order":1
         },
         {
            "adult":false,
            "gender":2,
            "id":71580,
            "known_for_department":"Acting",
            "name":"Benedict Cumberbatch",
            "original_name":"Benedict Cumberbatch",
            "popularity":51.668,
            "profile_path":"/fBEucxECxGLKVHBznO0qHtCGiMO.jpg",
            "cast_id":33,
            "character":"Stephen Strange / Doctor Strange",
            "credit_id":"5f7f51e42f3b170035f3a821",
            "order":2
         },
         {
            "adult":false,
            "gender":2,
            "id":1649152,
            "known_for_department":"Acting",
            "name":"Jacob Batalon",
            "original_name":"Jacob Batalon",
            "popularity":14.165,
            "profile_path":"/53YhaL4xw4Sb1ssoHkeSSBaO29c.jpg",
            "cast_id":69,
            "character":"Ned Leeds",
            "credit_id":"6124200e4a52f8005dd04318",
            "order":3
         },
         {
            "adult":false,
            "gender":2,
            "id":15277,
            "known_for_department":"Acting",
            "name":"Jon Favreau",
            "original_name":"Jon Favreau",
            "popularity":18.787,
            "profile_path":"/8MtRRnEHaBSw8Ztdl8saXiw1egP.jpg",
            "cast_id":82,
            "character":"Harold 'Happy' Hogan",
            "credit_id":"612450fa2dc44e0045c8df84",
            "order":4
         },
         {
            "adult":false,
            "gender":2,
            "id":134,
            "known_for_department":"Acting",
            "name":"Jamie Foxx",
            "original_name":"Jamie Foxx",
            "popularity":18.558,
            "profile_path":"/hPwCMEq6jLAidsXAX5BfoYgIfg2.jpg",
            "cast_id":68,
            "character":"Max Dillon / Electro",
            "credit_id":"61241f30c5c1ef005c08f777",
            "order":5
         },
         {
            "adult":false,
            "gender":2,
            "id":5293,
            "known_for_department":"Acting",
            "name":"Willem Dafoe",
            "original_name":"Willem Dafoe",
            "popularity":33.257,
            "profile_path":"/ui8e4sgZAwMPi3hzEO53jyBJF9B.jpg",
            "cast_id":81,
            "character":"Norman Osborn / Green Goblin",
            "credit_id":"612450a4886348005eb353a7",
            "order":6
         },
         {
            "adult":false,
            "gender":2,
            "id":658,
            "known_for_department":"Acting",
            "name":"Alfred Molina",
            "original_name":"Alfred Molina",
            "popularity":16.241,
            "profile_path":"/nJo91Czesn6z0d0pkfbDoVZY3sg.jpg",
            "cast_id":66,
            "character":"Dr. Otto Octavius / Doctor Octopus",
            "credit_id":"61241e3053466100452f0942",
            "order":7
         },
         {
            "adult":false,
            "gender":2,
            "id":30082,
            "known_for_department":"Acting",
            "name":"Benedict Wong",
            "original_name":"Benedict Wong",
            "popularity":29.337,
            "profile_path":"/ukmfsl59Isvn9odgzMWBidA3cmt.jpg",
            "cast_id":79,
            "character":"Wong",
            "credit_id":"61244f322dc44e007e586c24",
            "order":8
         },
         {
            "adult":false,
            "gender":2,
            "id":1291350,
            "known_for_department":"Acting",
            "name":"Tony Revolori",
            "original_name":"Tony Revolori",
            "popularity":5.279,
            "profile_path":"/ouuo4ulVO9j6T8JixFp4lWTVdtd.jpg",
            "cast_id":71,
            "character":"Eugene 'Flash' Thompson",
            "credit_id":"61242cd46f53e1005c9a5d81",
            "order":9
         },
         {
            "adult":false,
            "gender":1,
            "id":3141,
            "known_for_department":"Acting",
            "name":"Marisa Tomei",
            "original_name":"Marisa Tomei",
            "popularity":15.905,
            "profile_path":"/pP0J79KUzPPjW4QO42iF4KKM7C6.jpg",
            "cast_id":56,
            "character":"May Parker",
            "credit_id":"5fd968d6db952d003e815de4",
            "order":10
         },
         {
            "adult":false,
            "gender":2,
            "id":37625,
            "known_for_department":"Acting",
            "name":"Andrew Garfield",
            "original_name":"Andrew Garfield",
            "popularity":45.863,
            "profile_path":"/beO5YvbTjrr5yy8hW26KVDMSr35.jpg",
            "cast_id":159,
            "character":"Peter Parker / Spider-Man",
            "credit_id":"61b891dd1f3319006121ecd1",
            "order":11
         },
         {
            "adult":false,
            "gender":2,
            "id":2219,
            "known_for_department":"Acting",
            "name":"Tobey Maguire",
            "original_name":"Tobey Maguire",
            "popularity":20.625,
            "profile_path":"/ncF4HivY2W6SQW5dEP3N3I4mfT0.jpg",
            "cast_id":160,
            "character":"Peter Parker / Spider-Man",
            "credit_id":"61b891e643999b0064592e99",
            "order":12
         },
         {
            "adult":false,
            "gender":1,
            "id":1265629,
            "known_for_department":"Acting",
            "name":"Angourie Rice",
            "original_name":"Angourie Rice",
            "popularity":11.247,
            "profile_path":"/nWWt25SYct87UQL9C0LbwtiPTDK.jpg",
            "cast_id":70,
            "character":"Betty Brant",
            "credit_id":"6124208e88634800456f6fa1",
            "order":13
         },
         {
            "adult":false,
            "gender":2,
            "id":457386,
            "known_for_department":"Acting",
            "name":"Arian Moayed",
            "original_name":"Arian Moayed",
            "popularity":6.999,
            "profile_path":"/vL5eKRzDGdMyQJpzODD6lfg42LV.jpg",
            "cast_id":89,
            "character":"Agent Cleary",
            "credit_id":"612486f6501cf20075acbe55",
            "order":14
         },
         {
            "adult":false,
            "gender":1,
            "id":17420,
            "known_for_department":"Acting",
            "name":"Paula Newsome",
            "original_name":"Paula Newsome",
            "popularity":5.699,
            "profile_path":"/b6SdnIsuPKv6MCJwGELycUYbfss.jpg",
            "cast_id":80,
            "character":"MIT Assistant Vice Chancellor",
            "credit_id":"6124501c0102c90024085e81",
            "order":15
         },
         {
            "adult":false,
            "gender":2,
            "id":500427,
            "known_for_department":"Acting",
            "name":"Hannibal Buress",
            "original_name":"Hannibal Buress",
            "popularity":8.626,
            "profile_path":"/mcw3Orbg4vbALXTVG4hriZjH1sj.jpg",
            "cast_id":72,
            "character":"Coach Wilson",
            "credit_id":"61242cdf534661005cd03e57",
            "order":16
         },
         {
            "adult":false,
            "gender":2,
            "id":41089,
            "known_for_department":"Acting",
            "name":"Martin Starr",
            "original_name":"Martin Starr",
            "popularity":11.5,
            "profile_path":"/gNyCdend3C5gY3ucq42Zt3swfg2.jpg",
            "cast_id":75,
            "character":"Mr. Harrington",
            "credit_id":"61242d810102c9002407fd2a",
            "order":17
         },
         {
            "adult":false,
            "gender":2,
            "id":65920,
            "known_for_department":"Acting",
            "name":"J.B. Smoove",
            "original_name":"J.B. Smoove",
            "popularity":7.007,
            "profile_path":"/691r7OL0R9TaR7SaqR6AnKVLUUu.jpg",
            "cast_id":74,
            "character":"Mr. Dell",
            "credit_id":"61242cf0886348007e380021",
            "order":18
         },
         {
            "adult":false,
            "gender":2,
            "id":18999,
            "known_for_department":"Acting",
            "name":"J.K. Simmons",
            "original_name":"J.K. Simmons",
            "popularity":18.39,
            "profile_path":"/7kIiPojgSVNRXb5z0hiijcD5LJ6.jpg",
            "cast_id":67,
            "character":"J. Jonah Jameson",
            "credit_id":"61241ee1d6c300007e705c88",
            "order":19
         },
         {
            "adult":false,
            "gender":2,
            "id":7026,
            "known_for_department":"Acting",
            "name":"Rhys Ifans",
            "original_name":"Rhys Ifans",
            "popularity":16.366,
            "profile_path":"/g8EUs8r1ECh9plKtrxBparsxlZ1.jpg",
            "cast_id":161,
            "character":"Dr. Curt Connors / The Lizard",
            "credit_id":"61b8b80bcb75d1001c083bcf",
            "order":20
         },
         {
            "adult":false,
            "gender":2,
            "id":23458,
            "known_for_department":"Acting",
            "name":"Charlie Cox",
            "original_name":"Charlie Cox",
            "popularity":10.779,
            "profile_path":"/jBHDZ8MA4I7krNQx4IfqdfPfleD.jpg",
            "cast_id":163,
            "character":"Matt Murdock",
            "credit_id":"61b8b840c616ac00668a2e51",
            "order":21
         },
         {
            "adult":false,
            "gender":2,
            "id":19159,
            "known_for_department":"Acting",
            "name":"Thomas Haden Church",
            "original_name":"Thomas Haden Church",
            "popularity":12.811,
            "profile_path":"/VP6VDYL0OEDwSbTRysiJ0kAGxI.jpg",
            "cast_id":162,
            "character":"Flint Marko / Sandman",
            "credit_id":"61b8b82585005d009397e0ea",
            "order":22
         },
         {
            "adult":false,
            "gender":2,
            "id":2996576,
            "known_for_department":"Acting",
            "name":"Haroon Kahn",
            "original_name":"Haroon Kahn",
            "popularity":0.98,
            "profile_path":null,
            "cast_id":164,
            "character":"Apprentice",
            "credit_id":"61bb4279ac6c7900884fb546",
            "order":23
         },
         {
            "adult":false,
            "gender":1,
            "id":3462666,
            "known_for_department":"Production",
            "name":"Emily Fong",
            "original_name":"Emily Fong",
            "popularity":0.6,
            "profile_path":null,
            "cast_id":250,
            "character":"Apprentice",
            "credit_id":"622cb95484591c001c279e8a",
            "order":24
         },
         {
            "adult":false,
            "gender":1,
            "id":3353015,
            "known_for_department":"Acting",
            "name":"Mary Rivera",
            "original_name":"Mary Rivera",
            "popularity":0.6,
            "profile_path":null,
            "cast_id":186,
            "character":"Ned's Lola",
            "credit_id":"61bfdd62d19a330095445166",
            "order":25
         },
         {
            "adult":false,
            "gender":2,
            "id":1651953,
            "known_for_department":"Acting",
            "name":"Rudy Eisenzopf",
            "original_name":"Rudy Eisenzopf",
            "popularity":1.004,
            "profile_path":"/1pDV75qlQwWZ7wLWoE5zenedYBe.jpg",
            "cast_id":166,
            "character":"Arena Bystander",
            "credit_id":"61bb429b894ed6001ce9b02c",
            "order":26
         },
         {
            "adult":false,
            "gender":1,
            "id":3353017,
            "known_for_department":"Acting",
            "name":"Kathleen Cardoso",
            "original_name":"Kathleen Cardoso",
            "popularity":0.828,
            "profile_path":null,
            "cast_id":190,
            "character":"Arena Bystander",
            "credit_id":"61bfde09105611004139a4be",
            "order":27
         },
         {
            "adult":false,
            "gender":2,
            "id":3353016,
            "known_for_department":"Acting",
            "name":"Jonathan Sam",
            "original_name":"Jonathan Sam",
            "popularity":0.6,
            "profile_path":null,
            "cast_id":189,
            "character":"Arena Bystander",
            "credit_id":"61bfddf213af5f00420857e3",
            "order":28
         },
         {
            "adult":false,
            "gender":0,
            "id":3353020,
            "known_for_department":"Acting",
            "name":"Andrew Dunlap",
            "original_name":"Andrew Dunlap",
            "popularity":0.6,
            "profile_path":null,
            "cast_id":191,
            "character":"Dad in Car",
            "credit_id":"61bfdeb572c13e001c0a5fde",
            "order":29
         },
         {
            "adult":false,
            "gender":2,
            "id":1455813,
            "known_for_department":"Acting",
            "name":"Ben VanderMey",
            "original_name":"Ben VanderMey",
            "popularity":2.174,
            "profile_path":"/lkPNTxvIiV0WtBVOV8DbLiCSp0c.jpg",
            "cast_id":167,
            "character":"Man in Car",
            "credit_id":"61bb42c113af5f004200180d",
            "order":30
         },
         {
            "adult":false,
            "gender":0,
            "id":3353021,
            "known_for_department":"Acting",
            "name":"Zany Dunlap",
            "original_name":"Zany Dunlap",
            "popularity":0.98,
            "profile_path":null,
            "cast_id":192,
            "character":"Mom in Car",
            "credit_id":"61bfdec1c4ad590042457923",
            "order":31
         },
         {
            "adult":false,
            "gender":0,
            "id":3353022,
            "known_for_department":"Acting",
            "name":"B. Clutch Dunlap",
            "original_name":"B. Clutch Dunlap",
            "popularity":0.6,
            "profile_path":null,
            "cast_id":193,
            "character":"Kid in Car",
            "credit_id":"61bfdecd105611001ccc7e3f",
            "order":32
         },
         {
            "adult":false,
            "gender":0,
            "id":3353024,
            "known_for_department":"Acting",
            "name":"Minnah Dunlap",
            "original_name":"Minnah Dunlap",
            "popularity":0.6,
            "profile_path":null,
            "cast_id":194,
            "character":"Kid in Car",
            "credit_id":"61bfdf72d14443004148072a",
            "order":33
         },
         {
            "adult":false,
            "gender":2,
            "id":168875,
            "known_for_department":"Acting",
            "name":"Gary Weeks",
            "original_name":"Gary Weeks",
            "popularity":4.88,
            "profile_path":"/n4taftpteF6qUTeYRDkdGPHC58.jpg",
            "cast_id":168,
            "character":"Agent Foster",
            "credit_id":"61bb42ced2f5b50041b2572b",
            "order":34
         },
         {
            "adult":false,
            "gender":2,
            "id":1460925,
            "known_for_department":"Acting",
            "name":"Gregory Konow",
            "original_name":"Gregory Konow",
            "popularity":2.196,
            "profile_path":"/k3Zu0epkGox4kaWOTq8dQccab3w.jpg",
            "cast_id":169,
            "character":"Donut Shop Boss",
            "credit_id":"61bb42dcd2f5b50092f5aae0",
            "order":35
         },
         {
            "adult":false,
            "gender":1,
            "id":2933171,
            "known_for_department":"Acting",
            "name":"Carol Anne Dines",
            "original_name":"Carol Anne Dines",
            "popularity":0.6,
            "profile_path":null,
            "cast_id":195,
            "character":"Donut Shop Waitress",
            "credit_id":"61bfe3451f3319008d4c9855",
            "order":36
         },
         {
            "adult":false,
            "gender":1,
            "id":2231998,
            "known_for_department":"Acting",
            "name":"Anisa Nyell Johnson",
            "original_name":"Anisa Nyell Johnson",
            "popularity":2.304,
            "profile_path":"/2hXRw4Snt6fs5xZebcmcyIM0Wp9.jpg",
            "cast_id":175,
            "character":"School Security Guard",
            "credit_id":"61bee4f609ed8f00407e3bb9",
            "order":37
         },
         {
            "adult":false,
            "gender":0,
            "id":3353038,
            "known_for_department":"Acting",
            "name":"Willie Burton",
            "original_name":"Willie Burton",
            "popularity":0.98,
            "profile_path":null,
            "cast_id":196,
            "character":"May's Neighbor",
            "credit_id":"61bfe429ef9d72008a991834",
            "order":38
         },
         {
            "adult":false,
            "gender":0,
            "id":2486882,
            "known_for_department":"Acting",
            "name":"Mallory Hoff",
            "original_name":"Mallory Hoff",
            "popularity":0.6,
            "profile_path":null,
            "cast_id":176,
            "character":"Reporter",
            "credit_id":"61bee50b297338006b48f8ec",
            "order":39
         },
         {
            "adult":false,
            "gender":0,
            "id":146024,
            "known_for_department":"Acting",
            "name":"Greg Clarkson",
            "original_name":"Greg Clarkson",
            "popularity":0.65,
            "profile_path":null,
            "cast_id":177,
            "character":"Reporter",
            "credit_id":"61bee515d371970066b9cd44",
            "order":40
         },
         {
            "adult":false,
            "gender":1,
            "id":1613974,
            "known_for_department":"Acting",
            "name":"Regina Ting Chen",
            "original_name":"Regina Ting Chen",
            "popularity":2.736,
            "profile_path":"/7Lqwq6UYbZd7XyMujUKUVUHGSIb.jpg",
            "cast_id":178,
            "character":"Reporter",
            "credit_id":"61bee51e014325004333e825",
            "order":41
         },
         {
            "adult":false,
            "gender":2,
            "id":3144298,
            "known_for_department":"Acting",
            "name":"Robert Mitchel Owenby",
            "original_name":"Robert Mitchel Owenby",
            "popularity":0.6,
            "profile_path":"/ttalMWtp4WH6U0n82nOBdoYVYiL.jpg",
            "cast_id":179,
            "character":"Daily Bugle Lackey",
            "credit_id":"61bee52d0443c9006007d99b",
            "order":42
         },
         {
            "adult":false,
            "gender":2,
            "id":1347386,
            "known_for_department":"Acting",
            "name":"Glenn Keogh",
            "original_name":"Glenn Keogh",
            "popularity":1.823,
            "profile_path":"/amv7HimTqvhmVqko9oKNYeHINvx.jpg",
            "cast_id":180,
            "character":"British Reporter",
            "credit_id":"61bee539d19a3300418c1214",
            "order":43
         },
         {
            "adult":false,
            "gender":1,
            "id":2044224,
            "known_for_department":"Acting",
            "name":"Paris Benjamin",
            "original_name":"Paris Benjamin",
            "popularity":0.652,
            "profile_path":"/xDQyGetUDUehJvZquY2gbFb7Lks.jpg",
            "cast_id":181,
            "character":"British Anchor",
            "credit_id":"61bee5476a300b001d98c8af",
            "order":44
         },
         {
            "adult":false,
            "gender":1,
            "id":1370799,
            "known_for_department":"Acting",
            "name":"Jwaundace Candece",
            "original_name":"Jwaundace Candece",
            "popularity":3.711,
            "profile_path":"/iP3VG9QguTWAEFEexlSTVLIHgwG.jpg",
            "cast_id":182,
            "character":"Damage Control Agent",
            "credit_id":"61bee554b0040a001c13f8dc",
            "order":45
         },
         {
            "adult":false,
            "gender":1,
            "id":1382356,
            "known_for_department":"Acting",
            "name":"Taylor St. Clair",
            "original_name":"Taylor St. Clair",
            "popularity":0.971,
            "profile_path":null,
            "cast_id":183,
            "character":"Protestor",
            "credit_id":"61bee56413af5f0063120ac3",
            "order":46
         },
         {
            "adult":false,
            "gender":0,
            "id":1945694,
            "known_for_department":"Acting",
            "name":"Gabriella Cila",
            "original_name":"Gabriella Cila",
            "popularity":2.654,
            "profile_path":"/e4Gya1ymo9btw3rziOVlxl1Ju6v.jpg",
            "cast_id":184,
            "character":"Crowd Member",
            "credit_id":"61bee57fd19a3300418c125f",
            "order":47
         },
         {
            "adult":false,
            "gender":0,
            "id":3352136,
            "known_for_department":"Acting",
            "name":"Darnell Appling",
            "original_name":"Darnell Appling",
            "popularity":0.6,
            "profile_path":null,
            "cast_id":185,
            "character":"Crowd Member",
            "credit_id":"61bee58e105611001ccaeb79",
            "order":48
         },
         {
            "adult":false,
            "gender":2,
            "id":3353039,
            "known_for_department":"Acting",
            "name":"Rolando Fernandez",
            "original_name":"Rolando Fernandez",
            "popularity":0.6,
            "profile_path":null,
            "cast_id":197,
            "character":"Crowd Member",
            "credit_id":"61bfe4d9fcadb40095c3fa09",
            "order":49
         },
         {
            "adult":false,
            "gender":2,
            "id":3353041,
            "known_for_department":"Acting",
            "name":"Edward Force",
            "original_name":"Edward Force",
            "popularity":0.6,
            "profile_path":null,
            "cast_id":198,
            "character":"Donut Shop Patron",
            "credit_id":"61bfe53bef9d72008a991b3d",
            "order":50
         },
         {
            "adult":false,
            "gender":2,
            "id":3347286,
            "known_for_department":"Acting",
            "name":"Michael Le",
            "original_name":"Michael Le",
            "popularity":1.38,
            "profile_path":null,
            "cast_id":199,
            "character":"Guy with Phone",
            "credit_id":"61bfe5d6f29d660099553794",
            "order":51
         },
         {
            "adult":false,
            "gender":2,
            "id":3353044,
            "known_for_department":"Acting",
            "name":"Dean Meminger",
            "original_name":"Dean Meminger",
            "popularity":0.633,
            "profile_path":null,
            "cast_id":200,
            "character":"NY1 Reporter",
            "credit_id":"61bfe60c0443c9001c14d8c5",
            "order":52
         },
         {
            "adult":false,
            "gender":0,
            "id":3353045,
            "known_for_department":"Acting",
            "name":"Frederick A. Brown",
            "original_name":"Frederick A. Brown",
            "popularity":0.6,
            "profile_path":null,
            "cast_id":201,
            "character":"Fred the Janitor",
            "credit_id":"61bfe665a284eb0042ed7c2f",
            "order":53
         },
         {
            "adult":false,
            "gender":0,
            "id":2627590,
            "known_for_department":"Acting",
            "name":"Cristo Fernández",
            "original_name":"Cristo Fernández",
            "popularity":1.367,
            "profile_path":"/xAZwaVQ1HLbNkLDLqQAUoXUmA6u.jpg",
            "cast_id":172,
            "character":"Bartender",
            "credit_id":"61bbd374d2f5b50041b36fa0",
            "order":54
         },
         {
            "adult":false,
            "gender":2,
            "id":190611,
            "known_for_department":"Acting",
            "name":"Clay Savage",
            "original_name":"Clay Savage",
            "popularity":1.4,
            "profile_path":null,
            "cast_id":202,
            "character":"Suit Voice (voice)",
            "credit_id":"61bfe688a84ff7008d2b5155",
            "order":55
         },
         {
            "adult":false,
            "gender":2,
            "id":2524,
            "known_for_department":"Acting",
            "name":"Tom Hardy",
            "original_name":"Tom Hardy",
            "popularity":22.627,
            "profile_path":"/sGMA6pA2D6X0gun49igJT3piHs3.jpg",
            "cast_id":170,
            "character":"Eddie Brock / Venom (uncredited)",
            "credit_id":"61bb4362e72fe800615f702e",
            "order":56
         },
         {
            "adult":false,
            "gender":2,
            "id":131,
            "known_for_department":"Acting",
            "name":"Jake Gyllenhaal",
            "original_name":"Jake Gyllenhaal",
            "popularity":23.302,
            "profile_path":"/oA6fp6SQBQQWZEzn4NfY3E8mJhV.jpg",
            "cast_id":217,
            "character":"Mysterio / Quentin Beck (archive footage) (uncredited)",
            "credit_id":"61e3658cc1606a0042be1a11",
            "order":57
         },
         {
            "adult":false,
            "gender":2,
            "id":3476760,
            "known_for_department":"Production",
            "name":"Jay Karales",
            "original_name":"Jay Karales",
            "popularity":0.709,
            "profile_path":"/fVhZzWsTierUtyG6cuMVYA2PlVk.jpg",
            "cast_id":251,
            "character":"Bodega Customer (uncredited)",
            "credit_id":"623aa2ad719aeb0091545975",
            "order":58
         }
      ],
      "crew":[
         {
            "adult":false,
            "gender":1,
            "id":2519,
            "known_for_department":"Costume & Make-Up",
            "name":"Sanja Milković Hays",
            "original_name":"Sanja Milković Hays",
            "popularity":3.193,
            "profile_path":null,
            "credit_id":"61d92db99824c8001c46fa27",
            "department":"Costume & Make-Up",
            "job":"Costume Design"
         },
         {
            "adult":false,
            "gender":1,
            "id":7232,
            "known_for_department":"Production",
            "name":"Sarah Halley Finn",
            "original_name":"Sarah Halley Finn",
            "popularity":7.589,
            "profile_path":"/pI3OhmnHhXLEwuv0Vq6qJHivCJA.jpg",
            "credit_id":"5eebb0f8db4ed60036cab559",
            "department":"Production",
            "job":"Casting"
         },
         {
            "adult":false,
            "gender":2,
            "id":7624,
            "known_for_department":"Writing",
            "name":"Stan Lee",
            "original_name":"Stan Lee",
            "popularity":11.072,
            "profile_path":"/kKeyWoFtTqOPsbmwylNHmuB3En9.jpg",
            "credit_id":"5d8f9a8c66a7c30019897e4b",
            "department":"Writing",
            "job":"Characters"
         },
         {
            "adult":false,
            "gender":2,
            "id":7624,
            "known_for_department":"Writing",
            "name":"Stan Lee",
            "original_name":"Stan Lee",
            "popularity":11.072,
            "profile_path":"/kKeyWoFtTqOPsbmwylNHmuB3En9.jpg",
            "credit_id":"61bfdd94f28838008fd644dd",
            "department":"Writing",
            "job":"Comic Book"
         },
         {
            "adult":false,
            "gender":2,
            "id":7625,
            "known_for_department":"Writing",
            "name":"Steve Ditko",
            "original_name":"Steve Ditko",
            "popularity":6.136,
            "profile_path":"/x270c7XwNTnt8qhoZhW4xUzAqEX.jpg",
            "credit_id":"5f7f749fd8e15a003be04cdc",
            "department":"Writing",
            "job":"Characters"
         },
         {
            "adult":false,
            "gender":2,
            "id":7625,
            "known_for_department":"Writing",
            "name":"Steve Ditko",
            "original_name":"Steve Ditko",
            "popularity":6.136,
            "profile_path":"/x270c7XwNTnt8qhoZhW4xUzAqEX.jpg",
            "credit_id":"61bfdda2383df20062cdf586",
            "department":"Writing",
            "job":"Comic Book"
         },
         {
            "adult":false,
            "gender":2,
            "id":7626,
            "known_for_department":"Production",
            "name":"Avi Arad",
            "original_name":"Avi Arad",
            "popularity":9.165,
            "profile_path":"/zFNtix6jjAfjKeE687w1VgU4H1T.jpg",
            "credit_id":"61245317eb09320045a3d21d",
            "department":"Production",
            "job":"Executive Producer"
         },
         {
            "adult":false,
            "gender":2,
            "id":10850,
            "known_for_department":"Production",
            "name":"Kevin Feige",
            "original_name":"Kevin Feige",
            "popularity":9.561,
            "profile_path":"/kCBqXZ5PT5udYGEj2wfTSFbLMvT.jpg",
            "credit_id":"5d8e28e38289a0000fcc3342",
            "department":"Production",
            "job":"Producer"
         },
         {
            "adult":false,
            "gender":2,
            "id":13179,
            "known_for_department":"Sound",
            "name":"Tony Lamberti",
            "original_name":"Tony Lamberti",
            "popularity":1.218,
            "profile_path":null,
            "credit_id":"6186eb9b1c6aa7002ca2ffb0",
            "department":"Sound",
            "job":"Sound Re-Recording Mixer"
         },
         {
            "adult":false,
            "gender":1,
            "id":13588,
            "known_for_department":"Art",
            "name":"Rosemary Brandenburg",
            "original_name":"Rosemary Brandenburg",
            "popularity":3.892,
            "profile_path":"/rrlIjwGSprN47jjXCVIhoIBjKXr.jpg",
            "credit_id":"5fd112da0ce1bc0040f16f1f",
            "department":"Art",
            "job":"Set Decoration"
         },
         {
            "adult":false,
            "gender":2,
            "id":15347,
            "known_for_department":"Sound",
            "name":"Michael Giacchino",
            "original_name":"Michael Giacchino",
            "popularity":2.435,
            "profile_path":"/1zKiTAfMpc3I8oxdLahx3k6KOOV.jpg",
            "credit_id":"5f8c5767ecbde9003972336c",
            "department":"Sound",
            "job":"Original Music Composer"
         },
         {
            "adult":false,
            "gender":2,
            "id":35176,
            "known_for_department":"Editing",
            "name":"Jeffrey Ford",
            "original_name":"Jeffrey Ford",
            "popularity":2.564,
            "profile_path":"/fJePTuHsOeT8z4D6LFZlSMkDEqF.jpg",
            "credit_id":"61d2bbd542f19f0064820c1d",
            "department":"Editing",
            "job":"Editor"
         },
         {
            "adult":false,
            "gender":2,
            "id":18265,
            "known_for_department":"Camera",
            "name":"Mauro Fiore",
            "original_name":"Mauro Fiore",
            "popularity":2.438,
            "profile_path":"/5WnSQdjeuvzZ7Kh3onIXwc4zdof.jpg",
            "credit_id":"61282f5ae04aca0043ddd51d",
            "department":"Camera",
            "job":"Director of Photography"
         },
         {
            "adult":false,
            "gender":2,
            "id":24192,
            "known_for_department":"Sound",
            "name":"Dave Jordan",
            "original_name":"Dave Jordan",
            "popularity":0.781,
            "profile_path":null,
            "credit_id":"61bdc036fcadb40042a8c923",
            "department":"Sound",
            "job":"Music Supervisor"
         },
         {
            "adult":false,
            "gender":2,
            "id":57027,
            "known_for_department":"Production",
            "name":"Louis D'Esposito",
            "original_name":"Louis D'Esposito",
            "popularity":5.234,
            "profile_path":"/k9k3WWYdD3uDnrtwM60QirzG9cH.jpg",
            "credit_id":"612452e63a9650005c37018e",
            "department":"Production",
            "job":"Executive Producer"
         },
         {
            "adult":false,
            "gender":0,
            "id":59834,
            "known_for_department":"Production",
            "name":"JoAnn Perritano",
            "original_name":"JoAnn Perritano",
            "popularity":2.194,
            "profile_path":null,
            "credit_id":"612452fd66ae4d005b58ad0d",
            "department":"Production",
            "job":"Executive Producer"
         },
         {
            "adult":false,
            "gender":1,
            "id":113674,
            "known_for_department":"Production",
            "name":"Victoria Alonso",
            "original_name":"Victoria Alonso",
            "popularity":5.096,
            "profile_path":"/xF7Qe1tqgk9KtY8kThKHBWhMqxc.jpg",
            "credit_id":"612452f1db4ed60045590aa1",
            "department":"Production",
            "job":"Executive Producer"
         },
         {
            "adult":false,
            "gender":2,
            "id":92303,
            "known_for_department":"Crew",
            "name":"Gary Archer",
            "original_name":"Gary Archer",
            "popularity":0.6,
            "profile_path":null,
            "credit_id":"6219fe020e597b001ba2cfab",
            "department":"Costume & Make-Up",
            "job":"Prosthetics"
         },
         {
            "adult":false,
            "gender":2,
            "id":83071,
            "known_for_department":"Directing",
            "name":"David H. Venghaus Jr.",
            "original_name":"David H. Venghaus Jr.",
            "popularity":1.567,
            "profile_path":null,
            "credit_id":"615c6388dbf144008c5c84ba",
            "department":"Production",
            "job":"Associate Producer"
         },
         {
            "adult":false,
            "gender":2,
            "id":83071,
            "known_for_department":"Directing",
            "name":"David H. Venghaus Jr.",
            "original_name":"David H. Venghaus Jr.",
            "popularity":1.567,
            "profile_path":null,
            "credit_id":"5fd051e9d7cd0600407cca77",
            "department":"Directing",
            "job":"First Assistant Director"
         },
         {
            "adult":false,
            "gender":0,
            "id":237162,
            "known_for_department":"Acting",
            "name":"Greg Townley",
            "original_name":"Greg Townley",
            "popularity":1.4,
            "profile_path":null,
            "credit_id":"61bfe866f29d660099553d3d",
            "department":"Crew",
            "job":"Acting Double"
         },
         {
            "adult":false,
            "gender":2,
            "id":411385,
            "known_for_department":"Art",
            "name":"Darren Gilford",
            "original_name":"Darren Gilford",
            "popularity":0.6,
            "profile_path":null,
            "credit_id":"5eebb0c10f1e580037b53563",
            "department":"Art",
            "job":"Production Design"
         },
         {
            "adult":false,
            "gender":2,
            "id":977941,
            "known_for_department":"Production",
            "name":"Matt Tolmach",
            "original_name":"Matt Tolmach",
            "popularity":1.634,
            "profile_path":"/8mniHJVwoJdVpwxW278yJwz8c1T.jpg",
            "credit_id":"61245326501cf20075ac6766",
            "department":"Production",
            "job":"Executive Producer"
         },
         {
            "adult":false,
            "gender":2,
            "id":1004624,
            "known_for_department":"Art",
            "name":"Russell Bobbitt",
            "original_name":"Russell Bobbitt",
            "popularity":4.201,
            "profile_path":"/5KW97eHDacxWlBkhtyasBUETJcR.jpg",
            "credit_id":"5fd125ea1443f400422cfd3f",
            "department":"Art",
            "job":"Property Master"
         },
         {
            "adult":false,
            "gender":2,
            "id":1044956,
            "known_for_department":"Acting",
            "name":"Lloyd Pitts",
            "original_name":"Lloyd Pitts",
            "popularity":3.204,
            "profile_path":"/xHbhOv2BzC3hKekpDDXK9Up4XYp.jpg",
            "credit_id":"61bfe8a20143250065ddfa4c",
            "department":"Crew",
            "job":"Acting Double"
         },
         {
            "adult":false,
            "gender":0,
            "id":1046602,
            "known_for_department":"Art",
            "name":"Brian Stultz",
            "original_name":"Brian Stultz",
            "popularity":1.625,
            "profile_path":null,
            "credit_id":"6126ee6f2dffd8006152886d",
            "department":"Art",
            "job":"Art Direction"
         },
         {
            "adult":false,
            "gender":2,
            "id":1081074,
            "known_for_department":"Crew",
            "name":"George Cottle",
            "original_name":"George Cottle",
            "popularity":1.604,
            "profile_path":"/jwQmBfZCJk7V9W96r7fXo3JGyMs.jpg",
            "credit_id":"5fda3a3dcf4b8b00429e6a01",
            "department":"Crew",
            "job":"Stunt Coordinator"
         },
         {
            "adult":false,
            "gender":2,
            "id":1081074,
            "known_for_department":"Crew",
            "name":"George Cottle",
            "original_name":"George Cottle",
            "popularity":1.604,
            "profile_path":"/jwQmBfZCJk7V9W96r7fXo3JGyMs.jpg",
            "credit_id":"5fd051ca38e5100041dc1dee",
            "department":"Directing",
            "job":"Second Unit Director"
         },
         {
            "adult":false,
            "gender":2,
            "id":1203115,
            "known_for_department":"Crew",
            "name":"Ben Jenkin",
            "original_name":"Ben Jenkin",
            "popularity":1.103,
            "profile_path":null,
            "credit_id":"61bfe8f14da3d40040cb1232",
            "department":"Crew",
            "job":"Stunt Double"
         },
         {
            "adult":false,
            "gender":1,
            "id":1204244,
            "known_for_department":"Editing",
            "name":"Leigh Folsom Boyd",
            "original_name":"Leigh Folsom Boyd",
            "popularity":1.865,
            "profile_path":"/twDY2v2jGPc5d8KBNb2wzuDr1I0.jpg",
            "credit_id":"61d2bbe71c09fb006e01e9c9",
            "department":"Editing",
            "job":"Editor"
         },
         {
            "adult":false,
            "gender":2,
            "id":1246890,
            "known_for_department":"Writing",
            "name":"Chris McKenna",
            "original_name":"Chris McKenna",
            "popularity":3.332,
            "profile_path":null,
            "credit_id":"5f7133dc1f748b003725c63c",
            "department":"Writing",
            "job":"Writer"
         },
         {
            "adult":false,
            "gender":2,
            "id":1278128,
            "known_for_department":"Crew",
            "name":"Luke Scott",
            "original_name":"Luke Scott",
            "popularity":0.6,
            "profile_path":null,
            "credit_id":"61bfe87ea44d090064b55657",
            "department":"Crew",
            "job":"Acting Double"
         },
         {
            "adult":false,
            "gender":2,
            "id":1293994,
            "known_for_department":"Directing",
            "name":"Jon Watts",
            "original_name":"Jon Watts",
            "popularity":5.101,
            "profile_path":"/fkXChMX6CUXY1yOxBehAzvaTCl7.jpg",
            "credit_id":"5d8e630d109cd0002941162e",
            "department":"Directing",
            "job":"Director"
         },
         {
            "adult":false,
            "gender":1,
            "id":1339444,
            "known_for_department":"Art",
            "name":"Anne Porter",
            "original_name":"Anne Porter",
            "popularity":0.6,
            "profile_path":null,
            "credit_id":"6186e9c7c5c1ef0043e6f01b",
            "department":"Art",
            "job":"Set Designer"
         },
         {
            "adult":false,
            "gender":2,
            "id":1350918,
            "known_for_department":"Writing",
            "name":"Erik Sommers",
            "original_name":"Erik Sommers",
            "popularity":3.104,
            "profile_path":null,
            "credit_id":"5f7133ec3dd1260035658dab",
            "department":"Writing",
            "job":"Writer"
         },
         {
            "adult":false,
            "gender":0,
            "id":1352962,
            "known_for_department":"Art",
            "name":"Tammy S. Lee",
            "original_name":"Tammy S. Lee",
            "popularity":2.195,
            "profile_path":null,
            "credit_id":"6186e99bcb6db5002c31f8a2",
            "department":"Art",
            "job":"Set Designer"
         },
         {
            "adult":false,
            "gender":0,
            "id":1354927,
            "known_for_department":"Visual Effects",
            "name":"Ed Bruce",
            "original_name":"Ed Bruce",
            "popularity":0.6,
            "profile_path":null,
            "credit_id":"6186ebfde7414600438f8da3",
            "department":"Visual Effects",
            "job":"Visual Effects Supervisor"
         },
         {
            "adult":false,
            "gender":2,
            "id":1378171,
            "known_for_department":"Sound",
            "name":"Kevin O’Connell",
            "original_name":"Kevin O’Connell",
            "popularity":1.388,
            "profile_path":null,
            "credit_id":"6186ebc2ddd52d0026baeff0",
            "department":"Sound",
            "job":"Sound Re-Recording Mixer"
         },
         {
            "adult":false,
            "gender":0,
            "id":1389128,
            "known_for_department":"Art",
            "name":"Nick S. Cross",
            "original_name":"Nick S. Cross",
            "popularity":1.4,
            "profile_path":null,
            "credit_id":"5fd26e841443f400432ed0a9",
            "department":"Art",
            "job":"Set Designer"
         },
         {
            "adult":false,
            "gender":2,
            "id":1389858,
            "known_for_department":"Sound",
            "name":"Jamie Hardt",
            "original_name":"Jamie Hardt",
            "popularity":0.84,
            "profile_path":null,
            "credit_id":"6186eb761fd36f00628453ee",
            "department":"Sound",
            "job":"Sound Effects Editor"
         },
         {
            "adult":false,
            "gender":0,
            "id":1395447,
            "known_for_department":"Sound",
            "name":"Steven Ticknor",
            "original_name":"Steven Ticknor",
            "popularity":3.308,
            "profile_path":null,
            "credit_id":"6186ebd0ddd52d008a025bbe",
            "department":"Sound",
            "job":"Supervising Sound Editor"
         },
         {
            "adult":false,
            "gender":0,
            "id":1400555,
            "known_for_department":"Art",
            "name":"George Lee",
            "original_name":"George Lee",
            "popularity":0.855,
            "profile_path":null,
            "credit_id":"6186e990d388ae0043fe914d",
            "department":"Art",
            "job":"Set Designer"
         },
         {
            "adult":false,
            "gender":0,
            "id":1408293,
            "known_for_department":"Costume & Make-Up",
            "name":"Linda D. Flowers",
            "original_name":"Linda D. Flowers",
            "popularity":0.6,
            "profile_path":null,
            "credit_id":"5fd05142691cd5003d1c4fb7",
            "department":"Costume & Make-Up",
            "job":"Hair Department Head"
         },
         {
            "adult":false,
            "gender":0,
            "id":1412767,
            "known_for_department":"Costume & Make-Up",
            "name":"Yesim 'Shimmy' Osman",
            "original_name":"Yesim 'Shimmy' Osman",
            "popularity":1.135,
            "profile_path":null,
            "credit_id":"621a014379a1c30043fe0e48",
            "department":"Costume & Make-Up",
            "job":"Hairstylist"
         },
         {
            "adult":false,
            "gender":0,
            "id":1417839,
            "known_for_department":"Costume & Make-Up",
            "name":"David Butler",
            "original_name":"David Butler",
            "popularity":0.608,
            "profile_path":null,
            "credit_id":"6186ed42e741460084c38d87",
            "department":"Costume & Make-Up",
            "job":"Set Costumer"
         },
         {
            "adult":false,
            "gender":0,
            "id":1418408,
            "known_for_department":"Costume & Make-Up",
            "name":"Pamela Waggoner",
            "original_name":"Pamela Waggoner",
            "popularity":0.6,
            "profile_path":null,
            "credit_id":"6186ed7813a3880044eeec7f",
            "department":"Costume & Make-Up",
            "job":"Set Costumer"
         },
         {
            "adult":false,
            "gender":1,
            "id":1425616,
            "known_for_department":"Production",
            "name":"Amy Pascal",
            "original_name":"Amy Pascal",
            "popularity":1.625,
            "profile_path":"/texxoBV4naFHyuSii6jyxlfuEvK.jpg",
            "credit_id":"5d8e333b8289a00029cc4377",
            "department":"Production",
            "job":"Producer"
         },
         {
            "adult":false,
            "gender":0,
            "id":1427498,
            "known_for_department":"Costume & Make-Up",
            "name":"Rachael Speke",
            "original_name":"Rachael Speke",
            "popularity":2.853,
            "profile_path":null,
            "credit_id":"621a02c6383df2006c19c786",
            "department":"Costume & Make-Up",
            "job":"Makeup Artist"
         },
         {
            "adult":false,
            "gender":0,
            "id":1439109,
            "known_for_department":"Costume & Make-Up",
            "name":"Nava R. Sadan",
            "original_name":"Nava R. Sadan",
            "popularity":0.6,
            "profile_path":null,
            "credit_id":"6186ed611fd36f00628457e5",
            "department":"Costume & Make-Up",
            "job":"Costume Supervisor"
         },
         {
            "adult":false,
            "gender":0,
            "id":1452866,
            "known_for_department":"Crew",
            "name":"Martin De Boer",
            "original_name":"Martin De Boer",
            "popularity":1.834,
            "profile_path":null,
            "credit_id":"61bfe88c873f000042c04451",
            "department":"Crew",
            "job":"Acting Double"
         },
         {
            "adult":false,
            "gender":0,
            "id":1458580,
            "known_for_department":"Visual Effects",
            "name":"Kelly Port",
            "original_name":"Kelly Port",
            "popularity":1.108,
            "profile_path":null,
            "credit_id":"61bdc022a6a4c10061419366",
            "department":"Visual Effects",
            "job":"Visual Effects Supervisor"
         },
         {
            "adult":false,
            "gender":0,
            "id":1460748,
            "known_for_department":"Costume & Make-Up",
            "name":"Kate Abraham",
            "original_name":"Kate Abraham",
            "popularity":0.63,
            "profile_path":null,
            "credit_id":"6186ed293faba0002c47a153",
            "department":"Costume & Make-Up",
            "job":"Set Costumer"
         },
         {
            "adult":false,
            "gender":0,
            "id":1463296,
            "known_for_department":"Art",
            "name":"Samantha Avila",
            "original_name":"Samantha Avila",
            "popularity":1.16,
            "profile_path":null,
            "credit_id":"6126ee4faaf897009475154b",
            "department":"Art",
            "job":"Art Direction"
         },
         {
            "adult":false,
            "gender":0,
            "id":1463335,
            "known_for_department":"Art",
            "name":"Kristen Maloney",
            "original_name":"Kristen Maloney",
            "popularity":0.722,
            "profile_path":null,
            "credit_id":"6126ee648a84d20042c2a7f3",
            "department":"Art",
            "job":"Art Direction"
         },
         {
            "adult":false,
            "gender":1,
            "id":1484966,
            "known_for_department":"Costume & Make-Up",
            "name":"Anne Morgan",
            "original_name":"Anne Morgan",
            "popularity":1.4,
            "profile_path":"/i4OXPeBd0RTM1MwJsufZ4aVCccr.jpg",
            "credit_id":"621a00a03c434400427f8768",
            "department":"Costume & Make-Up",
            "job":"Hairstylist"
         },
         {
            "adult":false,
            "gender":0,
            "id":1521454,
            "known_for_department":"Costume & Make-Up",
            "name":"Nancy Cummings",
            "original_name":"Nancy Cummings",
            "popularity":0.6,
            "profile_path":null,
            "credit_id":"6126ee9be8a3e1008cf490b4",
            "department":"Costume & Make-Up",
            "job":"Makeup Artist"
         },
         {
            "adult":false,
            "gender":0,
            "id":1575769,
            "known_for_department":"Visual Effects",
            "name":"Scott Edelstein",
            "original_name":"Scott Edelstein",
            "popularity":0.6,
            "profile_path":null,
            "credit_id":"6186ec313faba0002c479f53",
            "department":"Visual Effects",
            "job":"Visual Effects Supervisor"
         },
         {
            "adult":false,
            "gender":2,
            "id":1578283,
            "known_for_department":"Acting",
            "name":"Sergio Garcia",
            "original_name":"Sergio Garcia",
            "popularity":1.008,
            "profile_path":null,
            "credit_id":"61bfe8dff28838001cc70fe5",
            "department":"Crew",
            "job":"Stunt Double"
         },
         {
            "adult":false,
            "gender":0,
            "id":1634388,
            "known_for_department":"Costume & Make-Up",
            "name":"Lali Peer",
            "original_name":"Lali Peer",
            "popularity":0.6,
            "profile_path":null,
            "credit_id":"621a024d3c4344001beb3caf",
            "department":"Camera",
            "job":"Additional Photography"
         },
         {
            "adult":false,
            "gender":2,
            "id":1634431,
            "known_for_department":"Visual Effects",
            "name":"Bryan Haines",
            "original_name":"Bryan Haines",
            "popularity":0.6,
            "profile_path":null,
            "credit_id":"6186ec46d48cee0062d4276f",
            "department":"Visual Effects",
            "job":"VFX Artist"
         },
         {
            "adult":false,
            "gender":0,
            "id":1636660,
            "known_for_department":"Costume & Make-Up",
            "name":"Jessica Pazdernik",
            "original_name":"Jessica Pazdernik",
            "popularity":0.6,
            "profile_path":null,
            "credit_id":"6186ed53e741460084c38d97",
            "department":"Costume & Make-Up",
            "job":"Costume Supervisor"
         },
         {
            "adult":false,
            "gender":0,
            "id":1649516,
            "known_for_department":"Visual Effects",
            "name":"Brendan Seals",
            "original_name":"Brendan Seals",
            "popularity":1.752,
            "profile_path":null,
            "credit_id":"6186ecdaddd52d008a025e15",
            "department":"Visual Effects",
            "job":"Visual Effects Supervisor"
         },
         {
            "adult":false,
            "gender":0,
            "id":1653682,
            "known_for_department":"Production",
            "name":"Molly Doyle",
            "original_name":"Molly Doyle",
            "popularity":0.6,
            "profile_path":null,
            "credit_id":"5fda3a4b1d3143003cbed160",
            "department":"Production",
            "job":"Casting Associate"
         },
         {
            "adult":false,
            "gender":0,
            "id":1669138,
            "known_for_department":"Sound",
            "name":"Ken McGill",
            "original_name":"Ken McGill",
            "popularity":0.652,
            "profile_path":null,
            "credit_id":"6186ebae595a5600438eea0d",
            "department":"Sound",
            "job":"Sound Designer"
         },
         {
            "adult":false,
            "gender":0,
            "id":1705807,
            "known_for_department":"Sound",
            "name":"Takako Ishikawa",
            "original_name":"Takako Ishikawa",
            "popularity":0.6,
            "profile_path":null,
            "credit_id":"6186eb8cd388ae002c025575",
            "department":"Sound",
            "job":"Sound Effects Editor"
         },
         {
            "adult":false,
            "gender":0,
            "id":1715691,
            "known_for_department":"Costume & Make-Up",
            "name":"Vasilios Tanis",
            "original_name":"Vasilios Tanis",
            "popularity":1.74,
            "profile_path":null,
            "credit_id":"5fd0514c1c635b003baddb5b",
            "department":"Costume & Make-Up",
            "job":"Makeup Department Head"
         },
         {
            "adult":false,
            "gender":0,
            "id":1741033,
            "known_for_department":"Art",
            "name":"Frances Lynn Hernandez",
            "original_name":"Frances Lynn Hernandez",
            "popularity":1.4,
            "profile_path":null,
            "credit_id":"6126ee59f29d660065323a6a",
            "department":"Art",
            "job":"Art Direction"
         },
         {
            "adult":false,
            "gender":1,
            "id":1774412,
            "known_for_department":"Production",
            "name":"Rachel O'Connor",
            "original_name":"Rachel O'Connor",
            "popularity":1.4,
            "profile_path":null,
            "credit_id":"6124530a0f2fbd004815b6cb",
            "department":"Production",
            "job":"Executive Producer"
         },
         {
            "adult":false,
            "gender":2,
            "id":1787802,
            "known_for_department":"Directing",
            "name":"Brian Avery Galligan",
            "original_name":"Brian Avery Galligan",
            "popularity":2.047,
            "profile_path":null,
            "credit_id":"5fd051d968929c003bc48070",
            "department":"Directing",
            "job":"Second Unit First Assistant Director"
         },
         {
            "adult":false,
            "gender":0,
            "id":1806023,
            "known_for_department":"Visual Effects",
            "name":"Nicholas Murphy",
            "original_name":"Nicholas Murphy",
            "popularity":0.6,
            "profile_path":null,
            "credit_id":"6186ecbfa313b80042d43e49",
            "department":"Visual Effects",
            "job":"Visual Effects Producer"
         },
         {
            "adult":false,
            "gender":0,
            "id":1813981,
            "known_for_department":"Production",
            "name":"Michael Killoren",
            "original_name":"Michael Killoren",
            "popularity":0.6,
            "profile_path":null,
            "credit_id":"6186ec7addd52d008a025d3c",
            "department":"Visual Effects",
            "job":"Visual Effects Producer"
         },
         {
            "adult":false,
            "gender":0,
            "id":1842138,
            "known_for_department":"Art",
            "name":"Patrick Dunn-Baker",
            "original_name":"Patrick Dunn-Baker",
            "popularity":1.106,
            "profile_path":null,
            "credit_id":"6186e94bd48cee0024f11ee7",
            "department":"Art",
            "job":"Set Designer"
         },
         {
            "adult":false,
            "gender":0,
            "id":1842147,
            "known_for_department":"Art",
            "name":"Chris Sanford",
            "original_name":"Chris Sanford",
            "popularity":0.6,
            "profile_path":null,
            "credit_id":"6186e9d40752880063cd5b30",
            "department":"Art",
            "job":"Set Designer"
         },
         {
            "adult":false,
            "gender":0,
            "id":1842148,
            "known_for_department":"Sound",
            "name":"Justin M. Davey",
            "original_name":"Justin M. Davey",
            "popularity":1.031,
            "profile_path":null,
            "credit_id":"6186ea1e8ed03f0063740929",
            "department":"Sound",
            "job":"Sound Effects Editor"
         },
         {
            "adult":false,
            "gender":0,
            "id":1928015,
            "known_for_department":"Art",
            "name":"Justin Trudeau",
            "original_name":"Justin Trudeau",
            "popularity":0.6,
            "profile_path":null,
            "credit_id":"6186e9e4c5c1ef0043e6f067",
            "department":"Art",
            "job":"Set Designer"
         },
         {
            "adult":false,
            "gender":2,
            "id":1928587,
            "known_for_department":"Visual Effects",
            "name":"Chris Waegner",
            "original_name":"Chris Waegner",
            "popularity":0.6,
            "profile_path":null,
            "credit_id":"6186ed1869d2800093347fcc",
            "department":"Visual Effects",
            "job":"Visual Effects Supervisor"
         },
         {
            "adult":false,
            "gender":0,
            "id":2014456,
            "known_for_department":"Costume & Make-Up",
            "name":"Kevin Boyett",
            "original_name":"Kevin Boyett",
            "popularity":0.6,
            "profile_path":null,
            "credit_id":"6186ed3470309f0043935a2e",
            "department":"Costume & Make-Up",
            "job":"Set Costumer"
         },
         {
            "adult":false,
            "gender":1,
            "id":2028806,
            "known_for_department":"Art",
            "name":"Kristen Jenkins",
            "original_name":"Kristen Jenkins",
            "popularity":0.6,
            "profile_path":null,
            "credit_id":"6186e979d48cee0024f11f8b",
            "department":"Art",
            "job":"Set Designer"
         },
         {
            "adult":false,
            "gender":0,
            "id":2057527,
            "known_for_department":"Art",
            "name":"Richard Bennett",
            "original_name":"Richard Bennett",
            "popularity":0.6,
            "profile_path":null,
            "credit_id":"5fd125d9691cd5003f1d8baa",
            "department":"Art",
            "job":"Storyboard Artist"
         },
         {
            "adult":false,
            "gender":2,
            "id":2089435,
            "known_for_department":"Art",
            "name":"Andrew Campbell",
            "original_name":"Andrew Campbell",
            "popularity":0.6,
            "profile_path":null,
            "credit_id":"5fd13e83681888003f582a43",
            "department":"Art",
            "job":"Graphic Designer"
         },
         {
            "adult":false,
            "gender":0,
            "id":2092975,
            "known_for_department":"Costume & Make-Up",
            "name":"Addy Steigerwalt",
            "original_name":"Addy Steigerwalt",
            "popularity":0.73,
            "profile_path":null,
            "credit_id":"6186ed6c1fd36f00628457eb",
            "department":"Costume & Make-Up",
            "job":"Set Costumer"
         },
         {
            "adult":false,
            "gender":0,
            "id":2150980,
            "known_for_department":"Visual Effects",
            "name":"Cody Stoof",
            "original_name":"Cody Stoof",
            "popularity":0.6,
            "profile_path":null,
            "credit_id":"6186ece9e93e950062637e3d",
            "department":"Visual Effects",
            "job":"VFX Artist"
         },
         {
            "adult":false,
            "gender":0,
            "id":2189751,
            "known_for_department":"Costume & Make-Up",
            "name":"Carla Wallace",
            "original_name":"Carla Wallace",
            "popularity":0.6,
            "profile_path":null,
            "credit_id":"6126eeb52dffd8008b651db1",
            "department":"Costume & Make-Up",
            "job":"Makeup Artist"
         },
         {
            "adult":false,
            "gender":2,
            "id":2224833,
            "known_for_department":"Crew",
            "name":"David Elson",
            "original_name":"David Elson",
            "popularity":1.4,
            "profile_path":"/8KM7BfZXgVqaAWjXqPS6hEdWWQI.jpg",
            "credit_id":"61bfe8cefcadb40042ac5a55",
            "department":"Crew",
            "job":"Stunt Double"
         },
         {
            "adult":false,
            "gender":0,
            "id":2264331,
            "known_for_department":"Sound",
            "name":"Sam Fan",
            "original_name":"Sam Fan",
            "popularity":0.98,
            "profile_path":null,
            "credit_id":"6186ea2ed388ae00612e36f5",
            "department":"Sound",
            "job":"Sound Effects Editor"
         },
         {
            "adult":false,
            "gender":0,
            "id":2275985,
            "known_for_department":"Costume & Make-Up",
            "name":"Shawn Janifer",
            "original_name":"Shawn Janifer",
            "popularity":0.6,
            "profile_path":null,
            "credit_id":"6186e8e8c5c1ef0061ee3782",
            "department":"Costume & Make-Up",
            "job":"Makeup Artist"
         },
         {
            "adult":false,
            "gender":0,
            "id":2483629,
            "known_for_department":"Art",
            "name":"Sally Ledger",
            "original_name":"Sally Ledger",
            "popularity":1.094,
            "profile_path":null,
            "credit_id":"6186e95c63a6950045cf82bc",
            "department":"Art",
            "job":"Assistant Art Director"
         },
         {
            "adult":false,
            "gender":2,
            "id":2690276,
            "known_for_department":"Production",
            "name":"Steven S. Shapiro",
            "original_name":"Steven S. Shapiro",
            "popularity":0.6,
            "profile_path":null,
            "credit_id":"5fd05192798c94003fc10c9e",
            "department":"Production",
            "job":"Production Executive"
         },
         {
            "adult":false,
            "gender":1,
            "id":2783486,
            "known_for_department":"Visual Effects",
            "name":"Diana Cobo",
            "original_name":"Diana Cobo",
            "popularity":0.88,
            "profile_path":null,
            "credit_id":"6186ec1975f1ad0027468c92",
            "department":"Visual Effects",
            "job":"Visual Effects Producer"
         },
         {
            "adult":false,
            "gender":2,
            "id":2808013,
            "known_for_department":"Visual Effects",
            "name":"Reetu Aggarwal",
            "original_name":"Reetu Aggarwal",
            "popularity":1.4,
            "profile_path":null,
            "credit_id":"6186ebe563a6950045cf889d",
            "department":"Visual Effects",
            "job":"VFX Artist"
         },
         {
            "adult":false,
            "gender":1,
            "id":2887793,
            "known_for_department":"Art",
            "name":"Emmanuelle Hoessly",
            "original_name":"Emmanuelle Hoessly",
            "popularity":1.594,
            "profile_path":null,
            "credit_id":"5fd11311325a51003c723322",
            "department":"Art",
            "job":"Set Decoration"
         },
         {
            "adult":false,
            "gender":0,
            "id":2895516,
            "known_for_department":"Costume & Make-Up",
            "name":"Darla Wigley",
            "original_name":"Darla Wigley",
            "popularity":0.6,
            "profile_path":null,
            "credit_id":"6186e8ffd388ae008a13c9c4",
            "department":"Costume & Make-Up",
            "job":"Makeup Artist"
         },
         {
            "adult":false,
            "gender":2,
            "id":2899668,
            "known_for_department":"Crew",
            "name":"William R. Spencer",
            "original_name":"William R. Spencer",
            "popularity":0.98,
            "profile_path":null,
            "credit_id":"61bfe8b72da846009294d0f7",
            "department":"Crew",
            "job":"Stunt Double"
         },
         {
            "adult":false,
            "gender":0,
            "id":3066573,
            "known_for_department":"Costume & Make-Up",
            "name":"Lane Friedman",
            "original_name":"Lane Friedman",
            "popularity":0.6,
            "profile_path":null,
            "credit_id":"6219ff667b7b4d004278c960",
            "department":"Costume & Make-Up",
            "job":"Hair Department Head"
         },
         {
            "adult":false,
            "gender":0,
            "id":3066573,
            "known_for_department":"Costume & Make-Up",
            "name":"Lane Friedman",
            "original_name":"Lane Friedman",
            "popularity":0.6,
            "profile_path":null,
            "credit_id":"6219ff837b7b4d006c86ce07",
            "department":"Costume & Make-Up",
            "job":"Key Hair Stylist"
         },
         {
            "adult":false,
            "gender":0,
            "id":3078266,
            "known_for_department":"Art",
            "name":"Nicanor Mendoza III",
            "original_name":"Nicanor Mendoza III",
            "popularity":0.6,
            "profile_path":null,
            "credit_id":"6186e9b9a313b80042d4389d",
            "department":"Art",
            "job":"Set Designer"
         },
         {
            "adult":false,
            "gender":0,
            "id":3082204,
            "known_for_department":"Visual Effects",
            "name":"Eric Mancha",
            "original_name":"Eric Mancha",
            "popularity":0.6,
            "profile_path":null,
            "credit_id":"614fc9de2f8d090061257d0f",
            "department":"Visual Effects",
            "job":"VFX Artist"
         },
         {
            "adult":false,
            "gender":0,
            "id":3119239,
            "known_for_department":"Art",
            "name":"Silvia Mahapatra",
            "original_name":"Silvia Mahapatra",
            "popularity":0.652,
            "profile_path":null,
            "credit_id":"6186e9a970309f00439352e1",
            "department":"Art",
            "job":"Set Designer"
         },
         {
            "adult":false,
            "gender":0,
            "id":3162820,
            "known_for_department":"Costume & Make-Up",
            "name":"Heather Benson",
            "original_name":"Heather Benson",
            "popularity":0.6,
            "profile_path":null,
            "credit_id":"6126ee9155c926008edc49fb",
            "department":"Costume & Make-Up",
            "job":"Makeup Artist"
         },
         {
            "adult":false,
            "gender":0,
            "id":3169987,
            "known_for_department":"Visual Effects",
            "name":"Daniel Hazeltine",
            "original_name":"Daniel Hazeltine",
            "popularity":1.38,
            "profile_path":null,
            "credit_id":"6186ec5570309f002a0e5faa",
            "department":"Visual Effects",
            "job":"VFX Artist"
         },
         {
            "adult":false,
            "gender":0,
            "id":3212601,
            "known_for_department":"Costume & Make-Up",
            "name":"Yvonne Eagle",
            "original_name":"Yvonne Eagle",
            "popularity":0.716,
            "profile_path":null,
            "credit_id":"6126eea8f29d660065323b59",
            "department":"Costume & Make-Up",
            "job":"Makeup Artist"
         },
         {
            "adult":false,
            "gender":2,
            "id":3213019,
            "known_for_department":"Writing",
            "name":"Chiranjiv Makwana",
            "original_name":"Chiranjiv Makwana",
            "popularity":0.6,
            "profile_path":null,
            "credit_id":"61278ea22dffd8002cb03e45",
            "department":"Visual Effects",
            "job":"Animation Director"
         },
         {
            "adult":false,
            "gender":0,
            "id":3299654,
            "known_for_department":"Costume & Make-Up",
            "name":"Sheika Daley",
            "original_name":"Sheika Daley",
            "popularity":0.6,
            "profile_path":null,
            "credit_id":"6186e8d7f8aee80091eea173",
            "department":"Costume & Make-Up",
            "job":"Makeup Artist"
         },
         {
            "adult":false,
            "gender":2,
            "id":3315275,
            "known_for_department":"Visual Effects",
            "name":"Lahiru Jay",
            "original_name":"Lahiru Jay",
            "popularity":0.6,
            "profile_path":null,
            "credit_id":"6196a3e549756000432242f7",
            "department":"Visual Effects",
            "job":"VFX Artist"
         },
         {
            "adult":false,
            "gender":2,
            "id":3415551,
            "known_for_department":"Visual Effects",
            "name":"Satoshi Takazawa",
            "original_name":"Satoshi Takazawa",
            "popularity":0.84,
            "profile_path":null,
            "credit_id":"620014a61e9225004254b170",
            "department":"Visual Effects",
            "job":"VFX Artist"
         },
         {
            "adult":false,
            "gender":0,
            "id":3444364,
            "known_for_department":"Art",
            "name":"David Scott",
            "original_name":"David Scott",
            "popularity":0.6,
            "profile_path":null,
            "credit_id":"6219fcf1d14443001bf60ee7",
            "department":"Art",
            "job":"Supervising Art Director"
         },
         {
            "adult":false,
            "gender":0,
            "id":3444370,
            "known_for_department":"Camera",
            "name":"Clint Wallace",
            "original_name":"Clint Wallace",
            "popularity":0.6,
            "profile_path":null,
            "credit_id":"6219fd5dce5d82001b47a319",
            "department":"Camera",
            "job":"Additional Photography"
         },
         {
            "adult":false,
            "gender":0,
            "id":3444371,
            "known_for_department":"Art",
            "name":"Ali Safdari",
            "original_name":"Ali Safdari",
            "popularity":0.6,
            "profile_path":null,
            "credit_id":"6219fd9792e55b0041f1f695",
            "department":"Art",
            "job":"Art Direction"
         },
         {
            "adult":false,
            "gender":0,
            "id":3444372,
            "known_for_department":"Costume & Make-Up",
            "name":"Ellen Arden",
            "original_name":"Ellen Arden",
            "popularity":0.6,
            "profile_path":null,
            "credit_id":"6219fe437b7b4d006c86cc40",
            "department":"Costume & Make-Up",
            "job":"Key Makeup Artist"
         },
         {
            "adult":false,
            "gender":0,
            "id":3444374,
            "known_for_department":"Costume & Make-Up",
            "name":"Kat Connelly",
            "original_name":"Kat Connelly",
            "popularity":0.6,
            "profile_path":null,
            "credit_id":"6219fe8a0e597b006924c955",
            "department":"Costume & Make-Up",
            "job":"Key Makeup Artist"
         },
         {
            "adult":false,
            "gender":0,
            "id":3444378,
            "known_for_department":"Costume & Make-Up",
            "name":"Bridgit Crider",
            "original_name":"Bridgit Crider",
            "popularity":0.6,
            "profile_path":null,
            "credit_id":"6219fece19ab59004298dc84",
            "department":"Costume & Make-Up",
            "job":"Key Makeup Artist"
         },
         {
            "adult":false,
            "gender":0,
            "id":3444381,
            "known_for_department":"Costume & Make-Up",
            "name":"Donald McInnes",
            "original_name":"Donald McInnes",
            "popularity":0.6,
            "profile_path":null,
            "credit_id":"621a003979a1c3001b68694b",
            "department":"Costume & Make-Up",
            "job":"Makeup Artist"
         },
         {
            "adult":false,
            "gender":0,
            "id":3444381,
            "known_for_department":"Costume & Make-Up",
            "name":"Donald McInnes",
            "original_name":"Donald McInnes",
            "popularity":0.6,
            "profile_path":null,
            "credit_id":"621a0026dd926a001b3a2aa3",
            "department":"Costume & Make-Up",
            "job":"Hairstylist"
         },
         {
            "adult":false,
            "gender":0,
            "id":3444382,
            "known_for_department":"Costume & Make-Up",
            "name":"Dominic Mombrun",
            "original_name":"Dominic Mombrun",
            "popularity":0.6,
            "profile_path":null,
            "credit_id":"621a006990cf510018a98a15",
            "department":"Costume & Make-Up",
            "job":"Prosthetics"
         },
         {
            "adult":false,
            "gender":0,
            "id":3444383,
            "known_for_department":"Costume & Make-Up",
            "name":"Tim Muir",
            "original_name":"Tim Muir",
            "popularity":0.6,
            "profile_path":null,
            "credit_id":"621a00cc90cf5100613ad48d",
            "department":"Costume & Make-Up",
            "job":"Hairstylist"
         },
         {
            "adult":false,
            "gender":0,
            "id":3444384,
            "known_for_department":"Costume & Make-Up",
            "name":"Shuayb Naimo",
            "original_name":"Shuayb Naimo",
            "popularity":0.6,
            "profile_path":null,
            "credit_id":"621a00fba8858700421d86d9",
            "department":"Costume & Make-Up",
            "job":"Makeup Artist"
         },
         {
            "adult":false,
            "gender":0,
            "id":3444389,
            "known_for_department":"Costume & Make-Up",
            "name":"Lali Peer",
            "original_name":"Lali Peer",
            "popularity":0.6,
            "profile_path":null,
            "credit_id":"621a0228a8858700421d8841",
            "department":"Costume & Make-Up",
            "job":"Makeup Artist"
         },
         {
            "adult":false,
            "gender":0,
            "id":3444394,
            "known_for_department":"Costume & Make-Up",
            "name":"Robert Smithson",
            "original_name":"Robert Smithson",
            "popularity":0.6,
            "profile_path":null,
            "credit_id":"621a027b7b7b4d006c86d206",
            "department":"Costume & Make-Up",
            "job":"Contact Lens Technician"
         },
         {
            "adult":false,
            "gender":0,
            "id":3444398,
            "known_for_department":"Costume & Make-Up",
            "name":"Rachael Speke",
            "original_name":"Rachael Speke",
            "popularity":0.6,
            "profile_path":null,
            "credit_id":"621a02b6dd926a001b3a2e14",
            "department":"Costume & Make-Up",
            "job":"Hairstylist"
         },
         {
            "adult":false,
            "gender":1,
            "id":3462666,
            "known_for_department":"Production",
            "name":"Emily Fong",
            "original_name":"Emily Fong",
            "popularity":0.6,
            "profile_path":null,
            "credit_id":"622cb7a8eda4b70018300d20",
            "department":"Production",
            "job":"Associate Producer"
         }
      ]
   }
}
