{
   "dates":{
      "maximum":"2022-04-30",
      "minimum":"2022-03-13"
   },
   "page":1,
   "results":[
      {
         "adult":false,
         "backdrop_path":"/aEGiJJP91HsKVTEPy1HhmN0wRLm.jpg",
         "genre_ids":[
            28,
            12,
            10751
         ],
         "id":335787,
         "original_language":"en",
         "original_title":"Uncharted",
         "overview":"A young street-smart, Nathan Drake and his wisecracking partner Victor “Sully” Sullivan embark on a dangerous pursuit of “the greatest treasure never found” while also tracking clues that may lead to Nathan’s long-lost brother.",
         "popularity":10763.209,
         "poster_path":"/tlZpSxYuBRoVJBOpUrPdQe9FmFq.jpg",
         "release_date":"2022-02-10",
         "title":"Uncharted",
         "video":false,
         "vote_average":7.2,
         "vote_count":1513
      },
      {
         "adult":false,
         "backdrop_path":"/tRS6jvPM9qPrrnx2KRp3ew96Yot.jpg",
         "genre_ids":[
            80,
            9648,
            53
         ],
         "id":414906,
         "original_language":"en",
         "original_title":"The Batman",
         "overview":"In his second year of fighting crime, Batman uncovers corruption in Gotham City that connects to his own family while facing a serial killer known as the Riddler.",
         "popularity":9937.303,
         "poster_path":"/74xTEgt7R36Fpooo50r9T25onhq.jpg",
         "release_date":"2022-03-01",
         "title":"The Batman",
         "video":false,
         "vote_average":7.8,
         "vote_count":4112
      },
      {
         "adult":false,
         "backdrop_path":"/egoyMDLqCxzjnSrWOz50uLlJWmD.jpg",
         "genre_ids":[
            28,
            878,
            35,
            10751
         ],
         "id":675353,
         "original_language":"en",
         "original_title":"Sonic the Hedgehog 2",
         "overview":"After settling in Green Hills, Sonic is eager to prove he has what it takes to be a true hero. His test comes when Dr. Robotnik returns, this time with a new partner, Knuckles, in search for an emerald that has the power to destroy civilizations. Sonic teams up with his own sidekick, Tails, and together they embark on a globe-trotting journey to find the emerald before it falls into the wrong hands.",
         "popularity":4429.903,
         "poster_path":"/6DrHO1jr3qVrViUO6s6kFiAGM7.jpg",
         "release_date":"2022-03-30",
         "title":"Sonic the Hedgehog 2",
         "video":false,
         "vote_average":7.6,
         "vote_count":772
      },
      {
         "adult":false,
         "backdrop_path":"/2n95p9isIi1LYTscTcGytlI4zYd.jpg",
         "genre_ids":[
            18,
            53,
            80
         ],
         "id":799876,
         "original_language":"en",
         "original_title":"The Outfit",
         "overview":"Leonard is an English tailor who used to craft suits on London’s world-famous Savile Row. After a personal tragedy, he’s ended up in Chicago, operating a small tailor shop in a rough part of town where he makes beautiful clothes for the only people around who can afford them: a family of vicious gangsters.",
         "popularity":3195.953,
         "poster_path":"/ieOVuwnoFC49m7bekmdQ4AynciS.jpg",
         "release_date":"2022-02-25",
         "title":"The Outfit",
         "video":false,
         "vote_average":7,
         "vote_count":157
      },
      {
         "adult":false,
         "backdrop_path":"/x747ZvF0CcYYTTpPRCoUrxA2cYy.jpg",
         "genre_ids":[
            28,
            12,
            878
         ],
         "id":406759,
         "original_language":"en",
         "original_title":"Moonfall",
         "overview":"A mysterious force knocks the moon from its orbit around Earth and sends it hurtling on a collision course with life as we know it.",
         "popularity":2633.34,
         "poster_path":"/odVv1sqVs0KxBXiA8bhIBlPgalx.jpg",
         "release_date":"2022-02-03",
         "title":"Moonfall",
         "video":false,
         "vote_average":6.5,
         "vote_count":853
      },
      {
         "adult":false,
         "backdrop_path":"/xicKILMzPn6XZYCOpWwaxlUzg6S.jpg",
         "genre_ids":[
            53,
            28
         ],
         "id":294793,
         "original_language":"en",
         "original_title":"All the Old Knives",
         "overview":"When the CIA discovers one of its agents leaked information that cost more than 100 people their lives, veteran operative Henry Pelham is assigned to root out the mole with his former lover and colleague Celia Harrison.",
         "popularity":1988.087,
         "poster_path":"/g4tMniKxol1TBJrHlAtiDjjlx4Q.jpg",
         "release_date":"2022-04-08",
         "title":"All the Old Knives",
         "video":false,
         "vote_average":6,
         "vote_count":183
      },
      {
         "adult":false,
         "backdrop_path":"/An1nKjXahrChfEbZ3MAE8fsiut1.jpg",
         "genre_ids":[
            27
         ],
         "id":661791,
         "original_language":"es",
         "original_title":"La abuela",
         "overview":"A Paris model must return to Madrid where her grandmother, who raised her, has had a stroke. But spending just a few days with this relative turns into an unexpected nightmare.",
         "popularity":1505.586,
         "poster_path":"/eIUixNvox4U4foL5Z9KbN9HXYSM.jpg",
         "release_date":"2022-01-28",
         "title":"The Grandmother",
         "video":false,
         "vote_average":6.1,
         "vote_count":139
      },
      {
         "adult":false,
         "backdrop_path":"/tq3klWQevRK0Or0cGhsw0h3FDWQ.jpg",
         "genre_ids":[
            12,
            16,
            35,
            10751,
            14
         ],
         "id":676705,
         "original_language":"fr",
         "original_title":"Pil",
         "overview":"Pil, a little vagabond girl, lives on the streets of the medieval city of Roc-en-Brume, along with her three tame weasels. She survives of food stolen from the castle of the sinister Regent Tristain. One day, to escape his guards, Pil disguises herself as a princess. Thus she embarks upon a mad, delirious adventure, together with Crobar, a big clumsy guard who thinks she's a noble, and Rigolin, a young crackpot jester. Pil is going to have to save Roland, rightful heir to the throne under the curse of a spell. This adventure will turn the entire kingdom upside down, and teach Pil that nobility can be found in all of us.",
         "popularity":1491.474,
         "poster_path":"/abPQVYyNfVuGoFUfGVhlNecu0QG.jpg",
         "release_date":"2021-08-11",
         "title":"Pil's Adventures",
         "video":false,
         "vote_average":6.7,
         "vote_count":73
      },
      {
         "adult":false,
         "backdrop_path":"/i0zbSmiyyylh7H3Qb4jgscz46Pm.jpg",
         "genre_ids":[
            27
         ],
         "id":893370,
         "original_language":"es",
         "original_title":"Virus-32",
         "overview":"A virus is unleashed and a chilling massacre runs through the streets of Montevideo.",
         "popularity":1396.018,
         "poster_path":"/wZiF79hbhLK1U2Pj9bF67NAKXQR.jpg",
         "release_date":"2022-04-21",
         "title":"Virus:32",
         "video":false,
         "vote_average":6.8,
         "vote_count":24
      },
      {
         "adult":false,
         "backdrop_path":"/wdjdHBDwmynWUrJcNzS24uegvK5.jpg",
         "genre_ids":[
            14,
            12
         ],
         "id":338953,
         "original_language":"en",
         "original_title":"Fantastic Beasts: The Secrets of Dumbledore",
         "overview":"Professor Albus Dumbledore knows the powerful, dark wizard Gellert Grindelwald is moving to seize control of the wizarding world. Unable to stop him alone, he entrusts magizoologist Newt Scamander to lead an intrepid team of wizards and witches. They soon encounter an array of old and new beasts as they clash with Grindelwald's growing legion of followers.",
         "popularity":1180.999,
         "poster_path":"/jrgifaYeUtTnaH7NF5Drkgjg2MB.jpg",
         "release_date":"2022-04-06",
         "title":"Fantastic Beasts: The Secrets of Dumbledore",
         "video":false,
         "vote_average":6.8,
         "vote_count":820
      },
      {
         "adult":false,
         "backdrop_path":"/yzH5zvuEzzsHLZnn0jwYoPf0CMT.jpg",
         "genre_ids":[
            53,
            28
         ],
         "id":760926,
         "original_language":"en",
         "original_title":"Gold",
         "overview":"In the not-too-distant future, two drifters traveling through the desert stumble across the biggest gold nugget ever found and the dream of immense wealth and greed takes hold. They hatch a plan to excavate their bounty, with one man leaving to secure the necessary tools while the other remains with the gold. The man who remains must endure harsh desert elements, ravenous wild dogs, and mysterious intruders, while battling the sinking suspicion that he has been abandoned to his fate.",
         "popularity":1168.732,
         "poster_path":"/ejXBuNLvK4kZ7YcqeKqUWnCxdJq.jpg",
         "release_date":"2022-01-13",
         "title":"Gold",
         "video":false,
         "vote_average":6.4,
         "vote_count":220
      },
      {
         "adult":false,
         "backdrop_path":"/192vHmAPbk5esL34XMKZ1YLGFjr.jpg",
         "genre_ids":[
            28,
            80,
            53
         ],
         "id":763285,
         "original_language":"en",
         "original_title":"Ambulance",
         "overview":"Decorated veteran Will Sharp, desperate for money to cover his wife's medical bills, asks for help from his adoptive brother Danny. A charismatic career criminal, Danny instead offers him a score: the biggest bank heist in Los Angeles history: $32 million.",
         "popularity":1156.855,
         "poster_path":"/zT5ynZ0UR6HFfWQSRf2uKtqCyWD.jpg",
         "release_date":"2022-03-16",
         "title":"Ambulance",
         "video":false,
         "vote_average":6.8,
         "vote_count":378
      },
      {
         "adult":false,
         "backdrop_path":"/6mJrgL7Mi13XjJeGYJFlD6UEVQw.jpg",
         "genre_ids":[
            16,
            35,
            10751,
            10402
         ],
         "id":438695,
         "original_language":"en",
         "original_title":"Sing 2",
         "overview":"Buster and his new cast now have their sights set on debuting a new show at the Crystal Tower Theater in glamorous Redshore City. But with no connections, he and his singers must sneak into the Crystal Entertainment offices, run by the ruthless wolf mogul Jimmy Crystal, where the gang pitches the ridiculous idea of casting the lion rock legend Clay Calloway in their show. Buster must embark on a quest to find the now-isolated Clay and persuade him to return to the stage.",
         "popularity":1151.318,
         "poster_path":"/aWeKITRFbbwY8txG5uCj4rMCfSP.jpg",
         "release_date":"2021-12-01",
         "title":"Sing 2",
         "video":false,
         "vote_average":8.1,
         "vote_count":2656
      },
      {
         "adult":false,
         "backdrop_path":"/tj4lzGgHrfjnjVqAKkLIjFqPSyO.jpg",
         "genre_ids":[
            28,
            878,
            14
         ],
         "id":526896,
         "original_language":"en",
         "original_title":"Morbius",
         "overview":"Dangerously ill with a rare blood disorder, and determined to save others suffering his same fate, Dr. Michael Morbius attempts a desperate gamble. What at first appears to be a radical success soon reveals itself to be a remedy potentially worse than the disease.",
         "popularity":903.198,
         "poster_path":"/6nhwr1LCozBiIN47b8oBEomOADm.jpg",
         "release_date":"2022-03-30",
         "title":"Morbius",
         "video":false,
         "vote_average":5.9,
         "vote_count":558
      },
      {
         "adult":false,
         "backdrop_path":"/ifUfE79O1raUwbaQRIB7XnFz5ZC.jpg",
         "genre_ids":[
            27,
            9648,
            53
         ],
         "id":646385,
         "original_language":"en",
         "original_title":"Scream",
         "overview":"Twenty-five years after a streak of brutal murders shocked the quiet town of Woodsboro, a new killer has donned the Ghostface mask and begins targeting a group of teenagers to resurrect secrets from the town’s deadly past.",
         "popularity":754.855,
         "poster_path":"/1m3W6cpgwuIyjtg5nSnPx7yFkXW.jpg",
         "release_date":"2022-01-12",
         "title":"Scream",
         "video":false,
         "vote_average":6.8,
         "vote_count":1230
      },
      {
         "adult":false,
         "backdrop_path":"/f2J8DpT5bqV0AiI9VVcfiuqKo5l.jpg",
         "genre_ids":[
            35,
            99,
            28
         ],
         "id":656663,
         "original_language":"en",
         "original_title":"Jackass Forever",
         "overview":"Celebrate the joy of a perfectly executed shot to the groin as Johnny Knoxville, Steve-O and the rest of the gang return alongside some newcomers for one final round of hilarious, wildly absurd and often dangerous displays of stunts and comedy.",
         "popularity":692.426,
         "poster_path":"/ugIdyvtAzHWOguD91UjHKoAvfum.jpg",
         "release_date":"2022-02-01",
         "title":"Jackass Forever",
         "video":false,
         "vote_average":6.9,
         "vote_count":305
      },
      {
         "adult":false,
         "backdrop_path":"/fEe5fe82qHzjO4yej0o79etqsWV.jpg",
         "genre_ids":[
            16,
            35,
            28,
            10751,
            80
         ],
         "id":629542,
         "original_language":"en",
         "original_title":"The Bad Guys",
         "overview":"When the infamous Bad Guys are finally caught after years of countless heists and being the world’s most-wanted villains, Mr. Wolf brokers a deal to save them all from prison.",
         "popularity":644.473,
         "poster_path":"/7qop80YfuO0BwJa1uXk1DXUUEwv.jpg",
         "release_date":"2022-03-17",
         "title":"The Bad Guys",
         "video":false,
         "vote_average":7.3,
         "vote_count":129
      },
      {
         "adult":false,
         "backdrop_path":"/cqnVuxXe6vA7wfNWubak3x36DKJ.jpg",
         "genre_ids":[
            28,
            12,
            14,
            53
         ],
         "id":639933,
         "original_language":"en",
         "original_title":"The Northman",
         "overview":"Prince Amleth is on the verge of becoming a man when his father is brutally murdered by his uncle, who kidnaps the boy's mother. Two decades later, Amleth is now a Viking who's on a mission to save his mother, kill his uncle and avenge his father.",
         "popularity":619.427,
         "poster_path":"/zhLKlUaF1SEpO58ppHIAyENkwgw.jpg",
         "release_date":"2022-04-07",
         "title":"The Northman",
         "video":false,
         "vote_average":7.7,
         "vote_count":345
      },
      {
         "adult":false,
         "backdrop_path":"/vsN9Lpi3HQJHQeHx8GzN6qfOYqk.jpg",
         "genre_ids":[
            28,
            53,
            80,
            18
         ],
         "id":766907,
         "original_language":"en",
         "original_title":"American Siege",
         "overview":"An ex-NYPD officer-turned-sheriff of a small rural Georgia town has to contend with a gang of thieves who have taken a wealthy doctor hostage.",
         "popularity":536.906,
         "poster_path":"/daeVrgyj0ue8qb3AHyU3UeCwoZz.jpg",
         "release_date":"2022-01-07",
         "title":"American Siege",
         "video":false,
         "vote_average":5.9,
         "vote_count":79
      },
      {
         "adult":false,
         "backdrop_path":"/hw7foD5in5YCs7qY3Pap9pdc1Vc.jpg",
         "genre_ids":[
            28,
            12,
            35,
            10749
         ],
         "id":752623,
         "original_language":"en",
         "original_title":"The Lost City",
         "overview":"Follows a reclusive romance novelist who was sure nothing could be worse than getting stuck on a book tour with her cover model, until a kidnapping attempt sweeps them both into a cutthroat jungle adventure, proving life can be so much stranger, and more romantic, than any of her paperback fictions.",
         "popularity":529.409,
         "poster_path":"/neMZH82Stu91d3iqvLdNQfqPPyl.jpg",
         "release_date":"2022-03-24",
         "title":"The Lost City",
         "video":false,
         "vote_average":7,
         "vote_count":236
      }
   ],
   "total_pages":69,
   "total_results":1372
}
