
{
   "page":1,
   "results":[
      {
         "adult":false,
         "gender":2,
         "id":21523,
         "known_for":[
            {
               "backdrop_path":"/dpzC0ACzwkVporKvzZGvNFOBFr6.jpg",
               "first_air_date":"2005-03-27",
               "genre_ids":[
                  18
               ],
               "id":1416,
               "media_type":"tv",
               "name":"Grey's Anatomy",
               "origin_country":[
                  "US"
               ],
               "original_language":"en",
               "original_name":"Grey's Anatomy",
               "overview":"Follows the personal and professional lives of a group of doctors at Seattle’s Grey Sloan Memorial Hospital.",
               "poster_path":"/zPIug5giU8oug6Xes5K1sTfQJxY.jpg",
               "vote_average":8.3,
               "vote_count":7969
            },
            {
               "adult":false,
               "backdrop_path":"/x4Grp3FENZAOc2HenKjoz3ZO0by.jpg",
               "genre_ids":[
                  18,
                  35,
                  10749
               ],
               "id":74643,
               "media_type":"movie",
               "original_language":"en",
               "original_title":"The Artist",
               "overview":"Hollywood, 1927: As silent movie star George Valentin wonders if the arrival of talking pictures will cause him to fade into oblivion, he sparks with Peppy Miller, a young dancer set for a big break.",
               "poster_path":"/khtVL4abxYczXAWbo1wAz13CLx3.jpg",
               "release_date":"2011-10-12",
               "title":"The Artist",
               "video":false,
               "vote_average":7.4,
               "vote_count":2697
            },
            {
               "adult":false,
               "backdrop_path":"/kP2DsgcIwuubm3WBvmxJcWFKzL2.jpg",
               "genre_ids":[
                  53,
                  18,
                  9648
               ],
               "id":3594,
               "media_type":"movie",
               "original_language":"en",
               "original_title":"The Number 23",
               "overview":"Walter Sparrow is an animal control officer that becomes obsessed with a mysterious book that seems to be based on his own life. As soon as he opens the book, he notices strange parallels between what he reads and what he's experienced. But now he's worried that a fictional murder might materialize.",
               "poster_path":"/mlNU8a1SkTu6cKA4LAoZxfNPng0.jpg",
               "release_date":"2007-02-23",
               "title":"The Number 23",
               "video":false,
               "vote_average":6.4,
               "vote_count":2680
            }
         ],
         "known_for_department":"Acting",
         "name":"Ed Lauter",
         "popularity":114.271,
         "profile_path":"/5q1CNG6M4cKIrFjFmy7typjEPqt.jpg"
      },
      {
         "adult":false,
         "gender":1,
         "id":224513,
         "known_for":[
            {
               "adult":false,
               "backdrop_path":"/9AU3kxNMM6AGofeC1uOtm4etsNj.jpg",
               "genre_ids":[
                  878,
                  18
               ],
               "id":335984,
               "media_type":"movie",
               "original_language":"en",
               "original_title":"Blade Runner 2049",
               "overview":"Thirty years after the events of the first film, a new blade runner, LAPD Officer K, unearths a long-buried secret that has the potential to plunge what's left of society into chaos. K's discovery leads him on a quest to find Rick Deckard, a former LAPD blade runner who has been missing for 30 years.",
               "poster_path":"/gajva2L0rPYkEWjzgFlBXCAVBE5.jpg",
               "release_date":"2017-10-04",
               "title":"Blade Runner 2049",
               "video":false,
               "vote_average":7.5,
               "vote_count":10699
            },
            {
               "adult":false,
               "backdrop_path":"/4HWAQu28e2yaWrtupFPGFkdNU7V.jpg",
               "genre_ids":[
                  35,
                  80,
                  9648
               ],
               "id":546554,
               "media_type":"movie",
               "original_language":"en",
               "original_title":"Knives Out",
               "overview":"When renowned crime novelist Harlan Thrombey is found dead at his estate just after his 85th birthday, the inquisitive and debonair Detective Benoit Blanc is mysteriously enlisted to investigate. From Harlan's dysfunctional family to his devoted staff, Blanc sifts through a web of red herrings and self-serving lies to uncover the truth behind Harlan's untimely death.",
               "poster_path":"/pThyQovXQrw2m0s9x82twj48Jq4.jpg",
               "release_date":"2019-11-27",
               "title":"Knives Out",
               "video":false,
               "vote_average":7.9,
               "vote_count":8777
            },
            {
               "adult":false,
               "backdrop_path":"/r2GAjd4rNOHJh6i6Y0FntmYuPQW.jpg",
               "genre_ids":[
                  12,
                  28,
                  53
               ],
               "id":370172,
               "media_type":"movie",
               "original_language":"en",
               "original_title":"No Time to Die",
               "overview":"Bond has left active service and is enjoying a tranquil life in Jamaica. His peace is short-lived when his old friend Felix Leiter from the CIA turns up asking for help. The mission to rescue a kidnapped scientist turns out to be far more treacherous than expected, leading Bond onto the trail of a mysterious villain armed with dangerous new technology.",
               "poster_path":"/iUgygt3fscRoKWCV1d0C7FbM9TP.jpg",
               "release_date":"2021-09-29",
               "title":"No Time to Die",
               "video":false,
               "vote_average":7.5,
               "vote_count":4014
            }
         ],
         "known_for_department":"Acting",
         "name":"Ana de Armas",
         "popularity":100.321,
         "profile_path":"/14uxt0jH28J9zn4vNQNTae3Bmr7.jpg"
      },
      {
         "adult":false,
         "gender":2,
         "id":1907997,
         "known_for":[
            {
               "adult":false,
               "backdrop_path":"/yy85YPsJEVxCy97A89cAwdsCUXa.jpg",
               "genre_ids":[
                  18,
                  10749
               ],
               "id":677115,
               "media_type":"movie",
               "original_language":"ko",
               "original_title":"비뇨기과 여의사들 2",
               "overview":"Jin Hee is a female urologist who runs a urology department with few patients. One day, a new nurse, Yeon-hee, comes in and works. However, she throws her her whole body in the treatment of patients with an unusual professional spirit. This fact is quickly rumored and patients flock in. Skilled female doctor Jin Hee also starts hot treatment to save the hospital...",
               "poster_path":"/uksxhYz0Xc7c5AIjoU205XXEVk8.jpg",
               "release_date":"2020-02-20",
               "title":"Female Urologists 2",
               "video":false,
               "vote_average":7.3,
               "vote_count":5
            },
            {
               "adult":false,
               "backdrop_path":"/prrUPAdSh7KLkOD3Hk8rfn6SF0p.jpg",
               "genre_ids":[
                  10749,
                  10751,
                  18
               ],
               "id":430384,
               "media_type":"movie",
               "original_language":"ko",
               "original_title":"내 아내의 언니",
               "overview":"Ji-seon is living with her sister and her husband after a divorce. Her sister Ji-yeong leaves for a work trip and Ji-seon is at home all alone with her brother-in-law. The two can't hide their sexual passion and they cross the line. Every time Ji-yeong leaves, the two enjoy risky sex...",
               "poster_path":"/s1h6kr74MuJEWz3fl82NJVt7cnH.jpg",
               "release_date":"2016-12-20",
               "title":"My Wife's Sister",
               "video":false,
               "vote_average":6.8,
               "vote_count":5
            },
            {
               "adult":false,
               "backdrop_path":"/qXD643woJQkjGlP2Ait4bmVc6Eu.jpg",
               "genre_ids":[
                  18,
                  10749
               ],
               "id":465595,
               "media_type":"movie",
               "original_language":"ko",
               "original_title":"달콤한섹스",
               "overview":"A famous patissier and his women enjoy work and sex.  Neung-geum has dreamt of being a pattisier. She stops supporting her boyfriends school bills.  Woo-hyeon is a famous dessert patissier and he has secretive sex to get secret recipes but to him this is just a way to find sweetness.  Neung-geum learns how to make dessert from Woo-hyeon. What kind of sex will they have today? What flavor?",
               "poster_path":"/hkt25KjYmyuRchMpGUPhdEgxnd2.jpg",
               "release_date":"2017-07-06",
               "title":"Sweet Sex",
               "video":false,
               "vote_average":6.4,
               "vote_count":5
            }
         ],
         "known_for_department":"Acting",
         "name":"Min Do-yoon",
         "popularity":97.122,
         "profile_path":"/bHHn3krbHyxQIWb4JbHkPlV6Uu1.jpg"
      },
      {
         "adult":false,
         "gender":1,
         "id":2280178,
         "known_for":[
            {
               "adult":false,
               "backdrop_path":"/y0LhmaMYpFkIfrUlOpJYTVMH2eA.jpg",
               "genre_ids":[
                  18
               ],
               "id":592695,
               "media_type":"movie",
               "original_language":"en",
               "original_title":"Pleasure",
               "overview":"20-year-old Bella Cherry leaves her small town in Sweden and heads for Los Angeles with the aim of becoming the world's next big porn star, but the road to her goal turns out to be bumpier than she imagined.",
               "poster_path":"/t3SEI2YI81oO3nEgjJ9jMAIKApY.jpg",
               "release_date":"2021-10-08",
               "title":"Pleasure",
               "video":false,
               "vote_average":6.1,
               "vote_count":118
            }
         ],
         "known_for_department":"Acting",
         "name":"Sofia Kappel",
         "popularity":96.329,
         "profile_path":"/wlE0ETWr4uAAdPaenSMo1a4yF8J.jpg"
      },
      {
         "adult":false,
         "gender":2,
         "id":85,
         "known_for":[
            {
               "adult":false,
               "backdrop_path":"/jOh79POQu4hyVIseUxdQxTW7vOf.jpg",
               "genre_ids":[
                  12,
                  14,
                  28
               ],
               "id":22,
               "media_type":"movie",
               "original_language":"en",
               "original_title":"Pirates of the Caribbean: The Curse of the Black Pearl",
               "overview":"Jack Sparrow, a freewheeling 18th-century pirate, quarrels with a rival pirate bent on pillaging Port Royal. When the governor's daughter is kidnapped, Sparrow decides to help the girl's love save her.",
               "poster_path":"/z8onk7LV9Mmw6zKz4hT6pzzvmvl.jpg",
               "release_date":"2003-07-09",
               "title":"Pirates of the Caribbean: The Curse of the Black Pearl",
               "video":false,
               "vote_average":7.8,
               "vote_count":17389
            },
            {
               "adult":false,
               "backdrop_path":"/8Qsr8pvDL3s1jNZQ4HK1d1Xlvnh.jpg",
               "genre_ids":[
                  12,
                  14
               ],
               "id":259316,
               "media_type":"movie",
               "original_language":"en",
               "original_title":"Fantastic Beasts and Where to Find Them",
               "overview":"In 1926, Newt Scamander arrives at the Magical Congress of the United States of America with a magically expanded briefcase, which houses a number of dangerous creatures and their habitats. When the creatures escape from the briefcase, it sends the American wizarding authorities after Newt, and threatens to strain even further the state of magical and non-magical relations.",
               "poster_path":"/fLsaFKExQt05yqjoAvKsmOMYvJR.jpg",
               "release_date":"2016-11-16",
               "title":"Fantastic Beasts and Where to Find Them",
               "video":false,
               "vote_average":7.4,
               "vote_count":16588
            },
            {
               "adult":false,
               "backdrop_path":"/8zfRLCgKrLAc5SSnACz8ZqmeKAP.jpg",
               "genre_ids":[
                  12,
                  14,
                  28
               ],
               "id":58,
               "media_type":"movie",
               "original_language":"en",
               "original_title":"Pirates of the Caribbean: Dead Man's Chest",
               "overview":"Captain Jack Sparrow works his way out of a blood debt with the ghostly Davy Jones to avoid eternal damnation.",
               "poster_path":"/uXEqmloGyP7UXAiphJUu2v2pcuE.jpg",
               "release_date":"2006-07-06",
               "title":"Pirates of the Caribbean: Dead Man's Chest",
               "video":false,
               "vote_average":7.3,
               "vote_count":13383
            }
         ],
         "known_for_department":"Acting",
         "name":"Johnny Depp",
         "popularity":93.992,
         "profile_path":"/ilPBHd3r3ahlipNQtjr4E3G04jJ.jpg"
      },
      {
         "adult":false,
         "gender":2,
         "id":1136406,
         "known_for":[
            {
               "adult":false,
               "backdrop_path":"/lmZFxXgJE3vgrciwuDib0N8CfQo.jpg",
               "genre_ids":[
                  12,
                  28,
                  878
               ],
               "id":299536,
               "media_type":"movie",
               "original_language":"en",
               "original_title":"Avengers: Infinity War",
               "overview":"As the Avengers and their allies have continued to protect the world from threats too large for any one hero to handle, a new danger has emerged from the cosmic shadows: Thanos. A despot of intergalactic infamy, his goal is to collect all six Infinity Stones, artifacts of unimaginable power, and use them to inflict his twisted will on all of reality. Everything the Avengers have fought for has led up to this moment - the fate of Earth and existence itself has never been more uncertain.",
               "poster_path":"/7WsyChQLEftFiDOVTGkv3hFpyyt.jpg",
               "release_date":"2018-04-25",
               "title":"Avengers: Infinity War",
               "video":false,
               "vote_average":8.3,
               "vote_count":24542
            },
            {
               "adult":false,
               "backdrop_path":"/7RyHsO4yDXtBv1zUU3mTpHeQ0d5.jpg",
               "genre_ids":[
                  12,
                  878,
                  28
               ],
               "id":299534,
               "media_type":"movie",
               "original_language":"en",
               "original_title":"Avengers: Endgame",
               "overview":"After the devastating events of Avengers: Infinity War, the universe is in ruins due to the efforts of the Mad Titan, Thanos. With the help of remaining allies, the Avengers must assemble once more in order to undo Thanos' actions and restore order to the universe once and for all, no matter what consequences may be in store.",
               "poster_path":"/or06FN3Dka5tukK1e9sl16pB3iy.jpg",
               "release_date":"2019-04-24",
               "title":"Avengers: Endgame",
               "video":false,
               "vote_average":8.3,
               "vote_count":20988
            },
            {
               "adult":false,
               "backdrop_path":"/7FWlcZq3r6525LWOcvO9kNWurN1.jpg",
               "genre_ids":[
                  12,
                  28,
                  878
               ],
               "id":271110,
               "media_type":"movie",
               "original_language":"en",
               "original_title":"Captain America: Civil War",
               "overview":"Following the events of Age of Ultron, the collective governments of the world pass an act designed to regulate all superhuman activity. This polarizes opinion amongst the Avengers, causing two factions to side with Iron Man or Captain America, which causes an epic battle between former allies.",
               "poster_path":"/rAGiXaUfPzY7CDEyNKUofk3Kw2e.jpg",
               "release_date":"2016-04-27",
               "title":"Captain America: Civil War",
               "video":false,
               "vote_average":7.4,
               "vote_count":19771
            }
         ],
         "known_for_department":"Acting",
         "name":"Tom Holland",
         "popularity":92.46,
         "profile_path":"/bBRlrpJm9XkNSg0YT5LCaxqoFMX.jpg"
      },
      {
         "adult":false,
         "gender":2,
         "id":3030323,
         "known_for":[
            {
               "backdrop_path":"/mkIKdkBWcUZkjGl2ktzMlT28XL.jpg",
               "first_air_date":"2022-04-02",
               "genre_ids":[
                  18,
                  10759
               ],
               "id":117067,
               "media_type":"tv",
               "name":"KinnPorsche The Series",
               "origin_country":[
                  "TH"
               ],
               "original_language":"th",
               "original_name":"รักโคตรร้ายสุดท้ายโคตรรัก",
               "overview":"Porsche, a down and about waiter who carries the hopes and dreams of his brother on his shoulders is thrust into the feuding world of the mafia. He reluctantly becomes a bodyguard for the major clan, which only brings more problems to his life. The main source of his strife is with Kinn, but the more obstacles and trials that they get through together the closer they become. The feelings of passion start to form between them and they soon fall in love with one another. Porsche has to encounter many mysteries that are too coincidental not to be connected. It all revolves around the death of his parents and the events of the will be a key variable in the transformation.",
               "poster_path":"/hdPLe50HbZHsETXQRcIP8gw7cKz.jpg",
               "vote_average":8.1,
               "vote_count":11
            },
            {
               "first_air_date":"2020-01-19",
               "genre_ids":[
                  35
               ],
               "id":96478,
               "media_type":"tv",
               "name":"My Engineer",
               "origin_country":[
                  "TH"
               ],
               "original_language":"th",
               "original_name":"My Engineer มีช็อป มีเกียร์ มีเมียรึยังวะ",
               "overview":"When Bon the popular engineering students start a revenge plan on Duen The innocent first year medical students slowly their feelings start to grow through roses that Duen Have to buy for Bon every day for a month. The series bring out the different side of each couple and their journey with friends and relationship. Join us and see how their feelings slowly evolved with each other through the 4 couples",
               "poster_path":"/mL98LvcM7LaYJIQWXyTzqhI7ceJ.jpg",
               "vote_average":7,
               "vote_count":5
            },
            {
               "backdrop_path":"/7Hgd24SK51wQnuaDuMEZrmfJhp.jpg",
               "first_air_date":"2022-02-19",
               "genre_ids":[
                  35,
                  18
               ],
               "id":139353,
               "media_type":"tv",
               "name":"Cutie Pie",
               "origin_country":[
                  "TH"
               ],
               "original_language":"th",
               "original_name":"นิ่งเฮียก็หาว่าซื่อ",
               "overview":"The sons of two companies were engaged to each other. One doesn't want an arranged marriage while the other wants to win him over! Meet Gilayn Wang and Kuea Keerati soon.",
               "poster_path":"/6Cw9dFcbjMElFuGnm1AKud7nM92.jpg",
               "vote_average":5.5,
               "vote_count":4
            }
         ],
         "known_for_department":"Acting",
         "name":"Perth Nakhun Screaigh",
         "popularity":91.963,
         "profile_path":"/cpl7vJNyceJssIw92fVED6Jgzdz.jpg"
      },
      {
         "adult":false,
         "gender":2,
         "id":3030319,
         "known_for":[
            {
               "backdrop_path":"/mkIKdkBWcUZkjGl2ktzMlT28XL.jpg",
               "first_air_date":"2022-04-02",
               "genre_ids":[
                  18,
                  10759
               ],
               "id":117067,
               "media_type":"tv",
               "name":"KinnPorsche The Series",
               "origin_country":[
                  "TH"
               ],
               "original_language":"th",
               "original_name":"รักโคตรร้ายสุดท้ายโคตรรัก",
               "overview":"Porsche, a down and about waiter who carries the hopes and dreams of his brother on his shoulders is thrust into the feuding world of the mafia. He reluctantly becomes a bodyguard for the major clan, which only brings more problems to his life. The main source of his strife is with Kinn, but the more obstacles and trials that they get through together the closer they become. The feelings of passion start to form between them and they soon fall in love with one another. Porsche has to encounter many mysteries that are too coincidental not to be connected. It all revolves around the death of his parents and the events of the will be a key variable in the transformation.",
               "poster_path":"/hdPLe50HbZHsETXQRcIP8gw7cKz.jpg",
               "vote_average":8.1,
               "vote_count":11
            }
         ],
         "known_for_department":"Acting",
         "name":"Mile Phakphum Romsaithong",
         "popularity":75.449,
         "profile_path":"/CJNW34J8v1TZbD1jrloqFAMGKt.jpg"
      },
      {
         "adult":false,
         "gender":2,
         "id":59254,
         "known_for":[
            {
               "adult":false,
               "backdrop_path":"/jrudoaXcoLyHRPdolyOGemXgPEs.jpg",
               "genre_ids":[
                  36,
                  18
               ],
               "id":369972,
               "media_type":"movie",
               "original_language":"en",
               "original_title":"First Man",
               "overview":"A look at the life of the astronaut, Neil Armstrong, and the legendary space mission that led him to become the first man to walk on the Moon on July 20, 1969.",
               "poster_path":"/i91mfvFcPPlaegcbOyjGgiWfZzh.jpg",
               "release_date":"2018-10-10",
               "title":"First Man",
               "video":false,
               "vote_average":7,
               "vote_count":4459
            },
            {
               "adult":false,
               "backdrop_path":"/oMKFQmoVgB69fyXfSMu0lGlHJP2.jpg",
               "genre_ids":[
                  28,
                  53
               ],
               "id":447200,
               "media_type":"movie",
               "original_language":"en",
               "original_title":"Skyscraper",
               "overview":"Framed and on the run, a former FBI agent must save his family from a blazing fire in the world's tallest building.",
               "poster_path":"/52ml62vClzrlqvXZq2FEW6UF6c1.jpg",
               "release_date":"2018-07-11",
               "title":"Skyscraper",
               "video":false,
               "vote_average":6.3,
               "vote_count":4168
            },
            {
               "adult":false,
               "backdrop_path":"/ebSJ7RBicfONHjtEVdOhAqPuFS8.jpg",
               "genre_ids":[
                  18,
                  10749
               ],
               "id":5038,
               "media_type":"movie",
               "original_language":"en",
               "original_title":"Vicky Cristina Barcelona",
               "overview":"Two girlfriends on a summer holiday in Spain become enamored with the same painter, unaware that his ex-wife, with whom he has a tempestuous relationship, is about to re-enter the picture.",
               "poster_path":"/gjdUhi3Q8BHFFmFLvVtjInUYdBM.jpg",
               "release_date":"2008-08-15",
               "title":"Vicky Cristina Barcelona",
               "video":false,
               "vote_average":6.8,
               "vote_count":3126
            }
         ],
         "known_for_department":"Acting",
         "name":"Pablo Schreiber",
         "popularity":72.681,
         "profile_path":"/wOze8R9lgoZxZoTsPSHID4Nt2Ee.jpg"
      },
      {
         "adult":false,
         "gender":2,
         "id":3030333,
         "known_for":[
            {
               "backdrop_path":"/mkIKdkBWcUZkjGl2ktzMlT28XL.jpg",
               "first_air_date":"2022-04-02",
               "genre_ids":[
                  18,
                  10759
               ],
               "id":117067,
               "media_type":"tv",
               "name":"KinnPorsche The Series",
               "origin_country":[
                  "TH"
               ],
               "original_language":"th",
               "original_name":"รักโคตรร้ายสุดท้ายโคตรรัก",
               "overview":"Porsche, a down and about waiter who carries the hopes and dreams of his brother on his shoulders is thrust into the feuding world of the mafia. He reluctantly becomes a bodyguard for the major clan, which only brings more problems to his life. The main source of his strife is with Kinn, but the more obstacles and trials that they get through together the closer they become. The feelings of passion start to form between them and they soon fall in love with one another. Porsche has to encounter many mysteries that are too coincidental not to be connected. It all revolves around the death of his parents and the events of the will be a key variable in the transformation.",
               "poster_path":"/hdPLe50HbZHsETXQRcIP8gw7cKz.jpg",
               "vote_average":8.1,
               "vote_count":11
            }
         ],
         "known_for_department":"Acting",
         "name":"Bible Wichapas Sumettikul",
         "popularity":55.999,
         "profile_path":"/3QP5MVkDeisV076AyhtFLB2zYVh.jpg"
      },
      {
         "adult":false,
         "gender":1,
         "id":2133998,
         "known_for":[
            {
               "adult":true,
               "backdrop_path":"/52YBjMQcLfAZHQJjqnrXLBBY68X.jpg",
               "first_air_date":"2015-10-09",
               "genre_ids":[
                  16
               ],
               "id":71309,
               "media_type":"tv",
               "name":"Ane Yome Quartet",
               "origin_country":[
                  "JP"
               ],
               "original_language":"ja",
               "original_name":"あねよめカルテット",
               "overview":"The Hanabishi family and Hidaka family are next door neighbors. The fathers of both households could be called best friends, so they all get along like one big happy family. In particular, Hidaka family’s only son Kouki was raised lovingly by the four Hanabishi sisters like he was their own brother.\n\nOne day, the Hanabishi and Hidaka parents were preparing for a long term overseas business trip together. Kouki ended up living together with the four sisters. And one of them is promised to him as a fiance. But who should he choose?",
               "poster_path":"/txyrzORWvGkvzCNoigDcnOY2CH8.jpg",
               "vote_average":9.5,
               "vote_count":2
            },
            {
               "adult":true,
               "backdrop_path":"/q0d8LHu4Zcjbw8esmLAZUZ9syJ3.jpg",
               "first_air_date":"2019-11-28",
               "genre_ids":[
                  16,
                  10765
               ],
               "id":96864,
               "media_type":"tv",
               "name":"LOVE X HOLIC: MIWAKU NO OTOME TO HAKUDAKU KANKEI THE ANIMATION",
               "origin_country":[
                  "JP"
               ],
               "original_language":"ja",
               "original_name":"ラブホリック～魅惑の乙女と白濁カンケイ～ THE ANIMATION",
               "overview":"In a world where humans and demi-humans coexist, Amano Taichi has by accident drank some blood of Aoe Kuon, the most popular girl in the school. Drinking her blood changed his body to have a special constitution which awakens demi-humans.\n\nIn exchange for protecting Taichi from whoever would target him, the Aoe house made him cooperate with awakening Kuon…\n\nAND TO DO THAT, HE HAS TO POUR HIS SEMEN INSIDE HER!\n\nStarting with Suzuka of the oni tribe, whom the protagonist is in love with, and Seira from the dragon tribe, there are other demi-humans who join the competition to squeeze him dry…",
               "poster_path":"/exHp1g5mF9bEimEVBwCvn336PQO.jpg",
               "vote_average":10,
               "vote_count":1
            },
            {
               "adult":false,
               "backdrop_path":"/uCFVXYHQl6v7ed45tgnrkeval5R.jpg",
               "first_air_date":"2020-03-06",
               "genre_ids":[
                  16
               ],
               "id":100210,
               "media_type":"tv",
               "name":"Onii-chan Asa made Zutto Gyutte Shite!",
               "origin_country":[
                  "JP"
               ],
               "original_language":"ja",
               "original_name":"お兄ちゃん, 朝までずっとギュッてして!",
               "overview":"Growing up I was a sickly child and due to this my parents designed an experiment to attempt to help me improve my immunity by hugging my sisters for extended periods each day.\n\nEventually this ended up growing into more than hugging as the closeness to my sisters stirred up feelings from within that I just couldn't ignore.",
               "poster_path":"/fikdxPqIBSVXN5GWaUjXOxjQyl6.jpg",
               "vote_average":9.7,
               "vote_count":3
            }
         ],
         "known_for_department":"Acting",
         "name":"Mako Ayane",
         "popularity":55.571,
         "profile_path":null
      },
      {
         "adult":false,
         "gender":2,
         "id":70851,
         "known_for":[
            {
               "adult":false,
               "backdrop_path":"/zJDMuXQDraHjtF53wikmyBQIcYe.jpg",
               "genre_ids":[
                  12,
                  28,
                  35,
                  14
               ],
               "id":353486,
               "media_type":"movie",
               "original_language":"en",
               "original_title":"Jumanji: Welcome to the Jungle",
               "overview":"The tables are turned as four teenagers are sucked into Jumanji's world - pitted against rhinos, black mambas and an endless variety of jungle traps and puzzles. To survive, they'll play as characters from the game.",
               "poster_path":"/pSgXKPU5h6U89ipF7HBYajvYt7j.jpg",
               "release_date":"2017-12-09",
               "title":"Jumanji: Welcome to the Jungle",
               "video":false,
               "vote_average":6.8,
               "vote_count":11691
            },
            {
               "adult":false,
               "backdrop_path":"/mCVQ2cZmGkAHG2Q3fDZTQA1YzeI.jpg",
               "genre_ids":[
                  16,
                  35,
                  10751,
                  12
               ],
               "id":425,
               "media_type":"movie",
               "original_language":"en",
               "original_title":"Ice Age",
               "overview":"With the impending ice age almost upon them, a mismatched trio of prehistoric critters – Manny the woolly mammoth, Diego the saber-toothed tiger and Sid the giant sloth – find an orphaned infant and decide to return it to its human parents. Along the way, the unlikely allies become friends but, when enemies attack, their quest takes on far nobler aims.",
               "poster_path":"/gLhHHZUzeseRXShoDyC4VqLgsNv.jpg",
               "release_date":"2002-03-10",
               "title":"Ice Age",
               "video":false,
               "vote_average":7.3,
               "vote_count":11073
            },
            {
               "adult":false,
               "backdrop_path":"/vndouqEyQqpvvk0FwIlkfceblrh.jpg",
               "genre_ids":[
                  28,
                  12,
                  16,
                  10751,
                  35
               ],
               "id":9502,
               "media_type":"movie",
               "original_language":"en",
               "original_title":"Kung Fu Panda",
               "overview":"When the Valley of Peace is threatened, lazy Po the panda discovers his destiny as the \"chosen one\" and trains to become a kung fu hero, but transforming the unsleek slacker into a brave warrior won't be easy. It's up to Master Shifu and the Furious Five -- Tigress, Crane, Mantis, Viper and Monkey -- to give it a try.",
               "poster_path":"/wWt4JYXTg5Wr3xBW2phBrMKgp3x.jpg",
               "release_date":"2008-06-04",
               "title":"Kung Fu Panda",
               "video":false,
               "vote_average":7.2,
               "vote_count":9321
            }
         ],
         "known_for_department":"Acting",
         "name":"Jack Black",
         "popularity":55.051,
         "profile_path":"/rtCx0fiYxJVhzXXdwZE2XRTfIKE.jpg"
      },
      {
         "adult":false,
         "gender":2,
         "id":71580,
         "known_for":[
            {
               "adult":false,
               "backdrop_path":"/lmZFxXgJE3vgrciwuDib0N8CfQo.jpg",
               "genre_ids":[
                  12,
                  28,
                  878
               ],
               "id":299536,
               "media_type":"movie",
               "original_language":"en",
               "original_title":"Avengers: Infinity War",
               "overview":"As the Avengers and their allies have continued to protect the world from threats too large for any one hero to handle, a new danger has emerged from the cosmic shadows: Thanos. A despot of intergalactic infamy, his goal is to collect all six Infinity Stones, artifacts of unimaginable power, and use them to inflict his twisted will on all of reality. Everything the Avengers have fought for has led up to this moment - the fate of Earth and existence itself has never been more uncertain.",
               "poster_path":"/7WsyChQLEftFiDOVTGkv3hFpyyt.jpg",
               "release_date":"2018-04-25",
               "title":"Avengers: Infinity War",
               "video":false,
               "vote_average":8.3,
               "vote_count":24542
            },
            {
               "adult":false,
               "backdrop_path":"/7RyHsO4yDXtBv1zUU3mTpHeQ0d5.jpg",
               "genre_ids":[
                  12,
                  878,
                  28
               ],
               "id":299534,
               "media_type":"movie",
               "original_language":"en",
               "original_title":"Avengers: Endgame",
               "overview":"After the devastating events of Avengers: Infinity War, the universe is in ruins due to the efforts of the Mad Titan, Thanos. With the help of remaining allies, the Avengers must assemble once more in order to undo Thanos' actions and restore order to the universe once and for all, no matter what consequences may be in store.",
               "poster_path":"/or06FN3Dka5tukK1e9sl16pB3iy.jpg",
               "release_date":"2019-04-24",
               "title":"Avengers: Endgame",
               "video":false,
               "vote_average":8.3,
               "vote_count":20988
            },
            {
               "adult":false,
               "backdrop_path":"/eQN31P4IEhyp6NkdccvppJnyuJ4.jpg",
               "genre_ids":[
                  28,
                  12,
                  14,
                  878
               ],
               "id":284052,
               "media_type":"movie",
               "original_language":"en",
               "original_title":"Doctor Strange",
               "overview":"After his career is destroyed, a brilliant but arrogant surgeon gets a new lease on life when a sorcerer takes him under her wing and trains him to defend the world against evil.",
               "poster_path":"/uGBVj3bEbCoZbDjjl9wTxcygko1.jpg",
               "release_date":"2016-10-25",
               "title":"Doctor Strange",
               "video":false,
               "vote_average":7.4,
               "vote_count":18925
            }
         ],
         "known_for_department":"Acting",
         "name":"Benedict Cumberbatch",
         "popularity":54.511,
         "profile_path":"/fBEucxECxGLKVHBznO0qHtCGiMO.jpg"
      },
      {
         "adult":false,
         "gender":2,
         "id":10859,
         "known_for":[
            {
               "adult":false,
               "backdrop_path":"/en971MEXui9diirXlogOrPKmsEn.jpg",
               "genre_ids":[
                  28,
                  12,
                  35
               ],
               "id":293660,
               "media_type":"movie",
               "original_language":"en",
               "original_title":"Deadpool",
               "overview":"The origin story of former Special Forces operative turned mercenary Wade Wilson, who, after being subjected to a rogue experiment that leaves him with accelerated healing powers, adopts the alter ego Deadpool. Armed with his new abilities and a dark, twisted sense of humor, Deadpool hunts down the man who nearly destroyed his life.",
               "poster_path":"/fSRb7vyIP8rQpL0I47P3qUsEKX3.jpg",
               "release_date":"2016-02-09",
               "title":"Deadpool",
               "video":false,
               "vote_average":7.6,
               "vote_count":26689
            },
            {
               "adult":false,
               "backdrop_path":"/3P52oz9HPQWxcwHOwxtyrVV1LKi.jpg",
               "genre_ids":[
                  28,
                  35,
                  12
               ],
               "id":383498,
               "media_type":"movie",
               "original_language":"en",
               "original_title":"Deadpool 2",
               "overview":"Wisecracking mercenary Deadpool battles the evil and powerful Cable and other bad guys to save a boy's life.",
               "poster_path":"/to0spRl1CMDvyUbOnbb4fTk3VAd.jpg",
               "release_date":"2018-05-10",
               "title":"Deadpool 2",
               "video":false,
               "vote_average":7.5,
               "vote_count":14629
            },
            {
               "adult":false,
               "backdrop_path":"/nEcEy7iVOh04dzZWP2e6AcwpLvI.jpg",
               "genre_ids":[
                  35,
                  14
               ],
               "id":72105,
               "media_type":"movie",
               "original_language":"en",
               "original_title":"Ted",
               "overview":"John Bennett, a man whose childhood wish of bringing his teddy bear to life came true, now must decide between keeping the relationship with the bear or his girlfriend, Lori.",
               "poster_path":"/osJNr64CNyGhCzdlg6oHt3a6vNA.jpg",
               "release_date":"2012-06-29",
               "title":"Ted",
               "video":false,
               "vote_average":6.4,
               "vote_count":10574
            }
         ],
         "known_for_department":"Acting",
         "name":"Ryan Reynolds",
         "popularity":52.596,
         "profile_path":"/4SYTH5FdB0dAORV98Nwg3llgVnY.jpg"
      },
      {
         "adult":false,
         "gender":2,
         "id":17142,
         "known_for":[
            {
               "adult":false,
               "backdrop_path":"/umUyVxJ4HeNebLMAcScdhF0QB3h.jpg",
               "genre_ids":[
                  18,
                  36
               ],
               "id":76203,
               "media_type":"movie",
               "original_language":"en",
               "original_title":"12 Years a Slave",
               "overview":"In the pre-Civil War United States, Solomon Northup, a free black man from upstate New York, is abducted and sold into slavery. Facing cruelty as well as unexpected kindnesses Solomon struggles not only to stay alive, but to retain his dignity. In the twelfth year of his unforgettable odyssey, Solomon’s chance meeting with a Canadian abolitionist will forever alter his life.",
               "poster_path":"/xdANQijuNrJaw1HA61rDccME4Tm.jpg",
               "release_date":"2013-10-18",
               "title":"12 Years a Slave",
               "video":false,
               "vote_average":7.9,
               "vote_count":9669
            },
            {
               "adult":false,
               "backdrop_path":"/oWKcexbupmmdUEtU8h0WK1DUWmt.jpg",
               "genre_ids":[
                  18,
                  53,
                  80
               ],
               "id":146233,
               "media_type":"movie",
               "original_language":"en",
               "original_title":"Prisoners",
               "overview":"Keller Dover faces a parent's worst nightmare when his 6-year-old daughter, Anna, and her friend go missing. The only lead is an old motorhome that had been parked on their street. The head of the investigation, Detective Loki, arrests the driver, but a lack of evidence forces Loki to release his only suspect. Dover, knowing that his daughter's life is at stake, decides that he has no choice but to take matters into his own hands.",
               "poster_path":"/tuZhZ6biFMr5n9YSVuHOJnNL1uU.jpg",
               "release_date":"2013-09-18",
               "title":"Prisoners",
               "video":false,
               "vote_average":8.1,
               "vote_count":9233
            },
            {
               "adult":false,
               "backdrop_path":"/8UiZP1dTIPRYkIcwR84zZTwgKpZ.jpg",
               "genre_ids":[
                  28,
                  53,
                  878
               ],
               "id":59967,
               "media_type":"movie",
               "original_language":"en",
               "original_title":"Looper",
               "overview":"In the futuristic action thriller Looper, time travel will be invented but it will be illegal and only available on the black market. When the mob wants to get rid of someone, they will send their target 30 years into the past where a looper, a hired gun, like Joe is waiting to mop up. Joe is getting rich and life is good until the day the mob decides to close the loop, sending back Joe's future self for assassination.",
               "poster_path":"/sNjL6SqErDBE8OUZlrDLkexfsCj.jpg",
               "release_date":"2012-09-26",
               "title":"Looper",
               "video":false,
               "vote_average":6.9,
               "vote_count":8872
            }
         ],
         "known_for_department":"Acting",
         "name":"Paul Dano",
         "popularity":50.064,
         "profile_path":"/tHsaqfauzG4MuFs5oCbq0pRy5EF.jpg"
      },
      {
         "adult":false,
         "gender":2,
         "id":1019,
         "known_for":[
            {
               "adult":false,
               "backdrop_path":"/eQN31P4IEhyp6NkdccvppJnyuJ4.jpg",
               "genre_ids":[
                  28,
                  12,
                  14,
                  878
               ],
               "id":284052,
               "media_type":"movie",
               "original_language":"en",
               "original_title":"Doctor Strange",
               "overview":"After his career is destroyed, a brilliant but arrogant surgeon gets a new lease on life when a sorcerer takes him under her wing and trains him to defend the world against evil.",
               "poster_path":"/uGBVj3bEbCoZbDjjl9wTxcygko1.jpg",
               "release_date":"2016-10-25",
               "title":"Doctor Strange",
               "video":false,
               "vote_average":7.4,
               "vote_count":18920
            },
            {
               "adult":false,
               "backdrop_path":"/6t8ES1d12OzWyCGxBeDYLHoaDrT.jpg",
               "genre_ids":[
                  28,
                  12,
                  878
               ],
               "id":330459,
               "media_type":"movie",
               "original_language":"en",
               "original_title":"Rogue One: A Star Wars Story",
               "overview":"A rogue band of resistance fighters unite for a mission to steal the Death Star plans and bring a new hope to the galaxy.",
               "poster_path":"/i0yw1mFbB7sNGHCs7EXZPzFkdA1.jpg",
               "release_date":"2016-12-14",
               "title":"Rogue One: A Star Wars Story",
               "video":false,
               "vote_average":7.5,
               "vote_count":13107
            },
            {
               "adult":false,
               "backdrop_path":"/kjC48HRQpojr3FHx5pZF7Ro9xFg.jpg",
               "genre_ids":[
                  12,
                  28,
                  53
               ],
               "id":36557,
               "media_type":"movie",
               "original_language":"en",
               "original_title":"Casino Royale",
               "overview":"Le Chiffre, a banker to the world's terrorists, is scheduled to participate in a high-stakes poker game in Montenegro, where he intends to use his winnings to establish his financial grip on the terrorist market. M sends Bond—on his maiden mission as a 00 Agent—to attend this game and prevent Le Chiffre from winning. With the help of Vesper Lynd and Felix Leiter, Bond enters the most important poker game in his already dangerous career.",
               "poster_path":"/8Gv1dylImVuoj3bZtEWoL1TLl2q.jpg",
               "release_date":"2006-11-14",
               "title":"Casino Royale",
               "video":false,
               "vote_average":7.5,
               "vote_count":8888
            }
         ],
         "known_for_department":"Acting",
         "name":"Mads Mikkelsen",
         "popularity":49.653,
         "profile_path":"/ntwPvV4GKGGHO3I7LcHMwhXfsw9.jpg"
      },
      {
         "adult":false,
         "gender":1,
         "id":130640,
         "known_for":[
            {
               "adult":false,
               "backdrop_path":"/x2IqsMlpbOhS8zIUJfyl1yO4gHF.jpg",
               "genre_ids":[
                  28,
                  12,
                  16,
                  878
               ],
               "id":324857,
               "media_type":"movie",
               "original_language":"en",
               "original_title":"Spider-Man: Into the Spider-Verse",
               "overview":"Miles Morales is juggling his life between being a high school student and being a spider-man. When Wilson \"Kingpin\" Fisk uses a super collider, others from across the Spider-Verse are transported to this dimension.",
               "poster_path":"/iiZZdoQBEYBv6id8su7ImL0oCbD.jpg",
               "release_date":"2018-12-06",
               "title":"Spider-Man: Into the Spider-Verse",
               "video":false,
               "vote_average":8.4,
               "vote_count":11253
            },
            {
               "adult":false,
               "backdrop_path":"/17nDJQsGVim6oows2TlN98UacbO.jpg",
               "genre_ids":[
                  28,
                  12,
                  878
               ],
               "id":424783,
               "media_type":"movie",
               "original_language":"en",
               "original_title":"Bumblebee",
               "overview":"On the run in the year 1987, Bumblebee finds refuge in a junkyard in a small Californian beach town. Charlie, on the cusp of turning 18 and trying to find her place in the world, discovers Bumblebee, battle-scarred and broken.  When Charlie revives him, she quickly learns this is no ordinary yellow VW bug.",
               "poster_path":"/fw02ONlDhrYjTSZV8XO6hhU3ds3.jpg",
               "release_date":"2018-12-15",
               "title":"Bumblebee",
               "video":false,
               "vote_average":6.7,
               "vote_count":4953
            },
            {
               "adult":false,
               "backdrop_path":"/qGqlWb5izTPtFngBWdbJAEmninR.jpg",
               "genre_ids":[
                  878,
                  28,
                  12
               ],
               "id":80274,
               "media_type":"movie",
               "original_language":"en",
               "original_title":"Ender's Game",
               "overview":"Based on the classic novel by Orson Scott Card, Ender's Game is the story of the Earth's most gifted children training to defend their homeplanet in the space wars of the future.",
               "poster_path":"/tBgkQqrO2RMgGQR6zod3bSjcPWx.jpg",
               "release_date":"2013-10-24",
               "title":"Ender's Game",
               "video":false,
               "vote_average":6.6,
               "vote_count":4946
            }
         ],
         "known_for_department":"Acting",
         "name":"Hailee Steinfeld",
         "popularity":49.649,
         "profile_path":"/q4UpZMEuvNCN5lL5L6xa3ICpheJ.jpg"
      },
      {
         "adult":false,
         "gender":1,
         "id":1397778,
         "known_for":[
            {
               "adult":false,
               "backdrop_path":"/9pkZesKMnblFfKxEhQx45YQ2kIe.jpg",
               "genre_ids":[
                  27,
                  53
               ],
               "id":381288,
               "media_type":"movie",
               "original_language":"en",
               "original_title":"Split",
               "overview":"Though Kevin has evidenced 23 personalities to his trusted psychiatrist, Dr. Fletcher, there remains one still submerged who is set to materialize and dominate all the others. Compelled to abduct three teenage girls led by the willful, observant Casey, Kevin reaches a war for survival among all of those contained within him — as well as everyone around him — as the walls between his compartments shatter apart.",
               "poster_path":"/lli31lYTFpvxVBeFHWoe5PMfW5s.jpg",
               "release_date":"2017-01-19",
               "title":"Split",
               "video":false,
               "vote_average":7.3,
               "vote_count":14939
            },
            {
               "adult":false,
               "backdrop_path":"/ngBFDOsx13sFXiMweDoL54XYknR.jpg",
               "genre_ids":[
                  53,
                  18,
                  878
               ],
               "id":450465,
               "media_type":"movie",
               "original_language":"en",
               "original_title":"Glass",
               "overview":"In a series of escalating encounters, former security guard David Dunn uses his supernatural abilities to track Kevin Wendell Crumb, a disturbed man who has twenty-four personalities. Meanwhile, the shadowy presence of Elijah Price emerges as an orchestrator who holds secrets critical to both men.",
               "poster_path":"/svIDTNUoajS8dLEo7EosxvyAsgJ.jpg",
               "release_date":"2019-01-16",
               "title":"Glass",
               "video":false,
               "vote_average":6.7,
               "vote_count":6944
            },
            {
               "backdrop_path":"/wiE9doxiLwq3WCGamDIOb2PqBqc.jpg",
               "first_air_date":"2013-09-12",
               "genre_ids":[
                  18,
                  80
               ],
               "id":60574,
               "media_type":"tv",
               "name":"Peaky Blinders",
               "origin_country":[
                  "GB"
               ],
               "original_language":"en",
               "original_name":"Peaky Blinders",
               "overview":"A gangster family epic set in 1919 Birmingham, England and centered on a gang who sew razor blades in the peaks of their caps, and their fierce boss Tommy Shelby, who means to move up in the world.",
               "poster_path":"/vUUqzWa2LnHIVqkaKVlVGkVcZIW.jpg",
               "vote_average":8.6,
               "vote_count":6209
            }
         ],
         "known_for_department":"Acting",
         "name":"Anya Taylor-Joy",
         "popularity":49.241,
         "profile_path":"/aSOvCmB1nsl19IqrjuuWwaguvDh.jpg"
      },
      {
         "adult":false,
         "gender":2,
         "id":976,
         "known_for":[
            {
               "adult":false,
               "backdrop_path":"/mRfI3y2oAd7ejur2di09xC9niqp.jpg",
               "genre_ids":[
                  28,
                  53,
                  80
               ],
               "id":82992,
               "media_type":"movie",
               "original_language":"en",
               "original_title":"Fast & Furious 6",
               "overview":"Hobbs has Dominic and Brian reassemble their crew to take down a team of mercenaries: Dominic unexpectedly gets convoluted also facing his presumed deceased girlfriend, Letty.",
               "poster_path":"/n31VRDodbaZxkrZmmzyYSFNVpW5.jpg",
               "release_date":"2013-05-21",
               "title":"Fast & Furious 6",
               "video":false,
               "vote_average":6.8,
               "vote_count":9256
            },
            {
               "adult":false,
               "backdrop_path":"/cHkhb5A4gQRK6zs6Pv7zorHs8Nk.jpg",
               "genre_ids":[
                  28,
                  53,
                  80,
                  12
               ],
               "id":168259,
               "media_type":"movie",
               "original_language":"en",
               "original_title":"Furious 7",
               "overview":"Deckard Shaw seeks revenge against Dominic Toretto and his family for his comatose brother.",
               "poster_path":"/ktofZ9Htrjiy0P6LEowsDaxd3Ri.jpg",
               "release_date":"2015-04-01",
               "title":"Furious 7",
               "video":false,
               "vote_average":7.2,
               "vote_count":9086
            },
            {
               "adult":false,
               "backdrop_path":"/jzdnhRhG0dsuYorwvSqPqqnM1cV.jpg",
               "genre_ids":[
                  28,
                  80,
                  53
               ],
               "id":337339,
               "media_type":"movie",
               "original_language":"en",
               "original_title":"The Fate of the Furious",
               "overview":"When a mysterious woman seduces Dom into the world of crime and a betrayal of those closest to him, the crew face trials that will test them as never before.",
               "poster_path":"/dImWM7GJqryWJO9LHa3XQ8DD5NH.jpg",
               "release_date":"2017-04-12",
               "title":"The Fate of the Furious",
               "video":false,
               "vote_average":6.9,
               "vote_count":8888
            }
         ],
         "known_for_department":"Acting",
         "name":"Jason Statham",
         "popularity":49.024,
         "profile_path":"/lldeQ91GwIVff43JBrpdbAAeYWj.jpg"
      },
      {
         "adult":false,
         "gender":1,
         "id":2710789,
         "known_for":[
            {
               "adult":false,
               "genre_ids":[
                  10749
               ],
               "id":826934,
               "media_type":"movie",
               "original_language":"ko",
               "original_title":"아는사이",
               "overview":"",
               "poster_path":"/gnFriGbUOkM3ufdoBXGnZRv9EfZ.jpg",
               "release_date":"2020-12-14",
               "title":"Knowing Each Other",
               "video":true,
               "vote_average":6,
               "vote_count":2
            },
            {
               "adult":false,
               "backdrop_path":"/buDwc8eqxF1s1paGZUeDgfvEOPh.jpg",
               "genre_ids":[
                  
               ],
               "id":750209,
               "media_type":"movie",
               "original_language":"ko",
               "original_title":"위험한 과외",
               "overview":"Kang-seo, a prestigious college student who lived as a tutor and a convenience store part-timer received a tutoring request one day. Kang-seo, who was tutoring the gangster's daughter, goes to bed with the gangster's newly remarried wife, and is soon threatened by the gangster.",
               "poster_path":"/uU58hfOpByKiYlXHdH5I9IeMD6R.jpg",
               "release_date":"2020-10-02",
               "title":"Dangerous Lesson",
               "video":false,
               "vote_average":5,
               "vote_count":2
            },
            {
               "adult":false,
               "backdrop_path":"/rnWEut44AFaC4G7H3nSwzKVIyV8.jpg",
               "genre_ids":[
                  18,
                  10749
               ],
               "id":724106,
               "media_type":"movie",
               "original_language":"ko",
               "original_title":"18금 아이돌 승하의 섹스 스캔들",
               "overview":"When they were young, Min-joo and Seo-yeon cared for each other and were closer than brothers and sisters. However, she accidentally learns about Seo-yeon's tutor, Woo-hyeon, and because of this man, their 10-year friendship starts to become shaky. Meanwhile, Jeong-soo is hurt in seeing Min-joo like that, and so he distanced himself from Min-joo. Because of Min-joo and Seo-yeon's misunderstanding, Jeong-soo who couldn't care much might just leave so Min-joo tries to break up with the help of Seo-yeon. While in the process of breaking up, Min-joo and Seo-yeon went back to their close relationship.  The love of women who have been separated because of man, and the two men's friendship is comically drawn.",
               "poster_path":"/btpk0Y0m9MjvMCfgrW0i0d7fpd1.jpg",
               "release_date":"2020-07-17",
               "title":"R-Rated Idol Seung-ha's Sex Scandal",
               "video":false,
               "vote_average":4.8,
               "vote_count":2
            }
         ],
         "known_for_department":"Acting",
         "name":"Seung Ha",
         "popularity":47.067,
         "profile_path":"/8dCFK8FDFQbYFZvzAE9IIeaDMKo.jpg"
      }
   ],
   "total_pages":500,
   "total_results":10000
}
